Date,New England Price,East Coast Price,Central Atlantic Price,Lower Atlantic Price,Midwest Price,Gulf coast Price,West coast Price,Rocky mountain Price
2021-08-16,3.131,3.12,3.261,3.029,3.113,2.918,4.062,3.786
2021-08-09,3.129,3.121,3.258,3.033,3.124,2.901,4.041,3.784
2021-08-02,3.125,3.107,3.266,3.004,3.109,2.906,4.02,3.747
2021-07-26,3.117,3.09,3.234,2.992,3.089,2.877,3.987,3.708
2021-07-19,3.125,3.103,3.24,3.012,3.12,2.904,3.984,3.666
2021-07-12,3.12,3.091,3.219,3.005,3.082,2.897,3.97,3.594
2021-07-05,3.111,3.087,3.208,3.005,3.086,2.867,3.946,3.54
2021-06-28,3.084,3.057,3.188,2.969,3.049,2.847,3.917,3.462
2021-06-21,3.054,3.04,3.162,2.961,3.024,2.797,3.867,3.375
2021-06-14,3.035,3.043,3.155,2.974,3.046,2.824,3.859,3.321
2021-06-07,3.021,3.01,3.135,2.928,3.01,2.775,3.849,3.297
2021-05-31,3.009,3.007,3.119,2.935,2.989,2.787,3.826,3.261
2021-05-24,3.008,3.013,3.12,2.945,2.955,2.819,3.799,3.25
2021-05-17,3.001,3.016,3.116,2.953,2.973,2.847,3.775,3.234
2021-05-10,2.942,2.941,3.066,2.861,2.922,2.735,3.748,3.166
2021-05-03,2.876,2.855,2.987,2.766,2.864,2.651,3.699,3.124
2021-04-26,2.856,2.837,2.96,2.753,2.853,2.656,3.653,3.099
2021-04-19,2.827,2.828,2.921,2.768,2.83,2.635,3.628,3.079
2021-04-12,2.819,2.831,2.922,2.775,2.812,2.649,3.608,3.059
2021-04-05,2.834,2.842,2.942,2.78,2.84,2.658,3.587,3.057
2021-03-29,2.838,2.855,2.95,2.798,2.804,2.674,3.572,3.056
2021-03-22,2.852,2.883,2.973,2.832,2.801,2.693,3.567,3.046
2021-03-15,2.834,2.864,2.971,2.802,2.822,2.675,3.53,2.945
2021-03-08,2.768,2.78,2.927,2.689,2.763,2.564,3.44,2.812
2021-03-01,2.715,2.729,2.884,2.635,2.718,2.481,3.373,2.672
2021-02-22,2.637,2.68,2.815,2.605,2.618,2.414,3.249,2.544
2021-02-15,2.549,2.548,2.702,2.449,2.455,2.286,3.141,2.497
2021-02-08,2.52,2.515,2.662,2.421,2.418,2.236,3.102,2.434
2021-02-01,2.473,2.455,2.613,2.352,2.37,2.18,3.058,2.387
2021-01-25,2.453,2.45,2.605,2.349,2.335,2.175,3.033,2.367
2021-01-18,2.435,2.425,2.589,2.317,2.335,2.184,3.009,2.345
2021-01-11,2.361,2.372,2.518,2.28,2.272,2.09,2.951,2.315
2021-01-04,2.316,2.296,2.457,2.19,2.207,1.999,2.907,2.292
2020-12-28,2.29,2.276,2.427,2.176,2.227,2.001,2.893,2.295
2020-12-21,2.27,2.269,2.43,2.166,2.174,2.006,2.878,2.292
2020-12-14,2.228,2.219,2.389,2.108,2.065,1.916,2.866,2.271
2020-12-07,2.202,2.216,2.381,2.113,2.063,1.911,2.871,2.275
2020-11-30,2.181,2.185,2.376,2.063,2.005,1.863,2.868,2.282
2020-11-23,2.161,2.152,2.322,2.044,1.999,1.847,2.864,2.28
2020-11-16,2.17,2.152,2.327,2.038,2.021,1.858,2.864,2.3
2020-11-09,2.168,2.127,2.294,2.011,2.025,1.823,2.863,2.304
2020-11-02,2.168,2.149,2.314,2.04,2.026,1.862,2.869,2.32
2020-10-26,2.178,2.173,2.335,2.069,2.069,1.908,2.882,2.34
2020-10-19,2.186,2.196,2.353,2.099,2.057,1.905,2.887,2.359
2020-10-12,2.194,2.209,2.356,2.12,2.089,1.914,2.895,2.367
2020-10-05,2.185,2.208,2.34,2.132,2.106,1.901,2.903,2.376
2020-09-28,2.196,2.186,2.328,2.096,2.116,1.91,2.914,2.398
2020-09-21,2.205,2.192,2.333,2.1,2.091,1.911,2.931,2.416
2020-09-14,2.212,2.216,2.356,2.13,2.085,1.931,2.95,2.43
2020-09-07,2.228,2.244,2.379,2.164,2.124,1.963,2.953,2.447
2020-08-31,2.243,2.233,2.391,2.132,2.179,1.962,2.952,2.447
2020-08-24,2.203,2.174,2.307,2.083,2.13,1.94,2.948,2.449
2020-08-17,2.197,2.165,2.303,2.069,2.108,1.923,2.926,2.446
2020-08-10,2.195,2.171,2.308,2.078,2.117,1.885,2.917,2.471
2020-08-03,2.199,2.183,2.307,2.099,2.113,1.919,2.923,2.472
2020-07-27,2.2,2.172,2.318,2.073,2.134,1.927,2.917,2.426
2020-07-20,2.201,2.184,2.324,2.09,2.148,1.947,2.906,2.419
2020-07-13,2.194,2.19,2.323,2.105,2.182,1.942,2.89,2.427
2020-07-06,2.178,2.179,2.31,2.096,2.158,1.931,2.86,2.423
2020-06-29,2.177,2.164,2.308,2.07,2.166,1.943,2.845,2.409
2020-06-22,2.137,2.129,2.263,2.04,2.112,1.888,2.813,2.368
2020-06-15,2.12,2.101,2.228,2.014,2.081,1.848,2.773,2.33
2020-06-08,2.086,2.029,2.198,1.906,2.043,1.751,2.725,2.273
2020-06-01,2.028,1.995,2.17,1.873,1.951,1.691,2.674,2.192
2020-05-25,2.025,1.987,2.156,1.869,1.943,1.669,2.647,2.09
2020-05-18,1.969,1.917,2.113,1.776,1.841,1.616,2.575,1.918
2020-05-11,1.954,1.898,2.085,1.763,1.808,1.574,2.548,1.861
2020-05-04,1.92,1.878,2.061,1.75,1.633,1.562,2.536,1.873
2020-04-27,1.929,1.894,2.075,1.769,1.539,1.582,2.549,1.91
2020-04-20,1.957,1.929,2.123,1.797,1.572,1.618,2.611,1.967
2020-04-13,1.987,1.962,2.157,1.83,1.613,1.649,2.672,2.021
2020-04-06,2.035,2.006,2.197,1.875,1.691,1.73,2.774,2.108
2020-03-30,2.106,2.064,2.249,1.932,1.799,1.838,2.852,2.204
2020-03-23,2.231,2.166,2.332,2.043,1.935,1.936,2.969,2.334
2020-03-16,2.362,2.274,2.433,2.15,2.098,2.042,3.113,2.418
2020-03-09,2.486,2.382,2.532,2.259,2.294,2.133,3.201,2.477
2020-03-02,2.518,2.43,2.575,2.314,2.36,2.185,3.226,2.516
2020-02-24,2.537,2.478,2.611,2.377,2.412,2.223,3.235,2.538
2020-02-17,2.523,2.443,2.58,2.334,2.363,2.158,3.228,2.57
2020-02-10,2.538,2.448,2.584,2.338,2.319,2.162,3.237,2.605
2020-02-03,2.561,2.472,2.62,2.353,2.372,2.207,3.248,2.624
2020-01-27,2.597,2.527,2.66,2.424,2.43,2.267,3.26,2.647
2020-01-20,2.621,2.572,2.703,2.476,2.447,2.301,3.275,2.67
2020-01-13,2.637,2.595,2.736,2.493,2.498,2.345,3.289,2.704
2020-01-06,2.645,2.613,2.733,2.53,2.49,2.347,3.297,2.737
2019-12-30,2.628,2.576,2.694,2.488,2.507,2.352,3.31,2.759
2019-12-23,2.599,2.54,2.677,2.437,2.46,2.287,3.32,2.787
2019-12-16,2.601,2.535,2.662,2.438,2.448,2.3,3.366,2.826
2019-12-09,2.6,2.554,2.665,2.472,2.482,2.274,3.429,2.885
2019-12-02,2.61,2.554,2.678,2.461,2.48,2.297,3.499,2.908
2019-11-25,2.608,2.538,2.681,2.43,2.461,2.31,3.561,2.917
2019-11-18,2.605,2.53,2.679,2.415,2.493,2.291,3.632,2.926
2019-11-11,2.612,2.552,2.701,2.44,2.493,2.334,3.688,2.912
2019-11-04,2.605,2.553,2.692,2.451,2.471,2.3,3.703,2.883
2019-10-28,2.599,2.531,2.672,2.423,2.466,2.315,3.696,2.828
2019-10-21,2.601,2.559,2.677,2.471,2.532,2.35,3.748,2.819
2019-10-14,2.595,2.54,2.671,2.441,2.536,2.328,3.768,2.798
2019-10-07,2.6,2.564,2.684,2.477,2.556,2.353,3.748,2.803
2019-09-30,2.628,2.584,2.71,2.491,2.545,2.396,3.651,2.8
2019-09-23,2.632,2.615,2.733,2.535,2.641,2.425,3.429,2.788
2019-09-16,2.618,2.53,2.667,2.42,2.513,2.304,3.343,2.743
2019-09-09,2.622,2.539,2.678,2.428,2.494,2.307,3.344,2.721
2019-09-02,2.659,2.557,2.697,2.443,2.521,2.296,3.341,2.717
2019-08-26,2.683,2.561,2.735,2.418,2.552,2.332,3.314,2.738
2019-08-19,2.707,2.594,2.759,2.461,2.574,2.338,3.329,2.758
2019-08-12,2.729,2.629,2.796,2.497,2.579,2.394,3.347,2.776
2019-08-05,2.759,2.673,2.837,2.547,2.69,2.455,3.383,2.787
2019-07-29,2.771,2.703,2.853,2.59,2.716,2.491,3.395,2.796
2019-07-22,2.785,2.745,2.874,2.653,2.745,2.532,3.416,2.823
2019-07-15,2.799,2.752,2.886,2.656,2.82,2.523,3.445,2.86
2019-07-08,2.767,2.733,2.866,2.64,2.724,2.486,3.467,2.886
2019-07-01,2.76,2.699,2.865,2.578,2.684,2.437,3.474,2.913
2019-06-24,2.732,2.617,2.799,2.472,2.619,2.367,3.475,2.957
2019-06-17,2.742,2.633,2.807,2.496,2.597,2.405,3.537,2.999
2019-06-10,2.792,2.695,2.846,2.577,2.676,2.429,3.605,3.037
2019-06-03,2.846,2.737,2.903,2.607,2.801,2.492,3.678,3.07
2019-05-27,2.877,2.77,2.934,2.641,2.766,2.54,3.717,3.068
2019-05-20,2.896,2.796,2.959,2.668,2.796,2.585,3.754,3.07
2019-05-13,2.905,2.826,2.977,2.711,2.791,2.584,3.778,3.052
2019-05-06,2.925,2.863,2.994,2.765,2.821,2.623,3.796,3.007
2019-04-29,2.888,2.85,2.996,2.749,2.817,2.649,3.764,2.93
2019-04-22,2.804,2.803,2.921,2.729,2.775,2.601,3.72,2.847
2019-04-15,2.717,2.788,2.878,2.747,2.788,2.601,3.672,2.729
2019-04-08,2.657,2.722,2.805,2.687,2.724,2.518,3.508,2.628
2019-04-01,2.634,2.688,2.753,2.66,2.679,2.513,3.353,2.558
2019-03-25,2.606,2.637,2.74,2.579,2.614,2.445,3.232,2.487
2019-03-18,2.551,2.588,2.688,2.534,2.527,2.368,3.114,2.411
2019-03-11,2.494,2.501,2.611,2.432,2.45,2.284,3.066,2.343
2019-03-04,2.461,2.457,2.556,2.393,2.38,2.248,3.035,2.302
2019-02-25,2.446,2.422,2.543,2.339,2.357,2.181,3.024,2.284
2019-02-18,2.383,2.34,2.474,2.241,2.259,2.118,3.014,2.274
2019-02-11,2.371,2.311,2.44,2.212,2.203,2.031,3.013,2.258
2019-02-04,2.389,2.319,2.442,2.222,2.132,2.003,3.001,2.268
2019-01-28,2.423,2.324,2.457,2.215,2.104,2.031,3.014,2.323
2019-01-21,2.426,2.318,2.463,2.195,2.094,1.986,3.043,2.364
2019-01-14,2.433,2.295,2.461,2.149,2.102,1.981,3.065,2.398
2019-01-07,2.455,2.293,2.467,2.136,2.059,1.958,3.097,2.466
2018-12-31,2.5,2.328,2.491,2.177,2.06,1.998,3.137,2.521
2018-12-24,2.54,2.373,2.53,2.227,2.139,2.051,3.169,2.575
2018-12-17,2.591,2.428,2.583,2.283,2.192,2.103,3.196,2.667
2018-12-10,2.623,2.459,2.621,2.309,2.268,2.145,3.252,2.745
2018-12-03,2.657,2.498,2.655,2.353,2.256,2.193,3.322,2.809
2018-11-26,2.719,2.573,2.714,2.441,2.372,2.286,3.392,2.886
2018-11-19,2.746,2.629,2.75,2.519,2.472,2.377,3.43,2.918
2018-11-12,2.795,2.696,2.809,2.597,2.567,2.455,3.483,2.98
2018-11-05,2.849,2.754,2.875,2.651,2.659,2.524,3.533,3.023
2018-10-29,2.884,2.807,2.921,2.712,2.735,2.591,3.565,3.048
2018-10-22,2.905,2.849,2.956,2.764,2.742,2.648,3.584,3.053
2018-10-15,2.922,2.88,2.98,2.803,2.811,2.692,3.58,3.072
2018-10-08,2.938,2.898,3.002,2.819,2.876,2.692,3.561,3.089
2018-10-01,2.924,2.865,2.97,2.781,2.843,2.66,3.498,3.089
2018-09-24,2.923,2.843,2.971,2.737,2.843,2.626,3.432,3.101
2018-09-17,2.937,2.857,2.993,2.748,2.815,2.628,3.426,3.101
2018-09-10,2.932,2.856,2.992,2.748,2.794,2.639,3.417,3.097
2018-09-03,2.926,2.845,2.973,2.741,2.784,2.616,3.41,3.098
2018-08-27,2.921,2.834,2.967,2.726,2.814,2.635,3.391,3.084
2018-08-20,2.931,2.846,2.974,2.742,2.785,2.632,3.388,3.052
2018-08-13,2.95,2.872,2.99,2.776,2.803,2.65,3.409,3.031
2018-08-06,2.955,2.871,2.994,2.77,2.828,2.654,3.422,3.015
2018-07-30,2.949,2.86,2.988,2.754,2.821,2.657,3.429,3.005
2018-07-23,2.942,2.845,2.97,2.74,2.793,2.638,3.438,3.027
2018-07-16,2.954,2.87,2.994,2.769,2.851,2.666,3.459,3.049
2018-07-09,2.954,2.849,2.989,2.733,2.838,2.684,3.475,3.059
2018-07-02,2.948,2.838,2.972,2.724,2.818,2.67,3.474,3.054
2018-06-25,2.942,2.83,2.968,2.713,2.773,2.68,3.487,3.049
2018-06-18,2.965,2.868,3.003,2.757,2.844,2.719,3.512,3.066
2018-06-11,2.99,2.908,3.043,2.801,2.871,2.76,3.53,3.079
2018-06-04,3.036,2.947,3.062,2.85,2.902,2.789,3.539,3.084
2018-05-28,3.042,2.976,3.088,2.887,2.935,2.783,3.542,3.078
2018-05-21,3.004,2.927,3.058,2.822,2.904,2.739,3.514,3.052
2018-05-14,2.936,2.885,3.002,2.797,2.835,2.675,3.486,3.002
2018-05-07,2.942,2.938,3.051,2.851,2.796,2.705,3.534,2.926
2018-04-30,2.916,2.935,3.043,2.858,2.823,2.705,3.503,2.909
2018-04-23,2.865,2.897,2.998,2.829,2.757,2.666,3.462,2.875
2018-04-16,2.799,2.833,2.932,2.769,2.701,2.616,3.438,2.835
2018-04-09,2.754,2.786,2.881,2.724,2.651,2.545,3.401,2.741
2018-04-02,2.75,2.795,2.881,2.743,2.661,2.551,3.4,2.698
2018-03-26,2.703,2.74,2.834,2.68,2.612,2.504,3.347,2.625
2018-03-19,2.676,2.687,2.767,2.63,2.594,2.427,3.29,2.536
2018-03-12,2.676,2.661,2.768,2.576,2.537,2.397,3.244,2.516
2018-03-05,2.681,2.685,2.786,2.611,2.526,2.402,3.215,2.531
2018-02-26,2.696,2.68,2.802,2.583,2.502,2.374,3.21,2.549
2018-02-19,2.715,2.709,2.83,2.616,2.487,2.4,3.204,2.582
2018-02-12,2.749,2.754,2.861,2.675,2.56,2.453,3.214,2.605
2018-02-05,2.746,2.761,2.879,2.676,2.633,2.49,3.218,2.589
2018-01-29,2.718,2.735,2.859,2.647,2.608,2.468,3.161,2.577
2018-01-22,2.686,2.705,2.817,2.627,2.567,2.431,3.096,2.568
2018-01-15,2.666,2.666,2.79,2.572,2.605,2.398,3.084,2.549
2018-01-08,2.668,2.65,2.776,2.55,2.527,2.364,3.083,2.534
2018-01-01,2.646,2.641,2.752,2.557,2.553,2.36,3.046,2.529
2017-12-25,2.629,2.576,2.696,2.472,2.508,2.294,3.037,2.542
2017-12-18,2.642,2.588,2.709,2.483,2.422,2.289,3.029,2.567
2017-12-11,2.66,2.614,2.727,2.517,2.47,2.338,3.043,2.608
2017-12-04,2.685,2.638,2.752,2.539,2.455,2.37,3.075,2.627
2017-11-27,2.696,2.655,2.767,2.56,2.52,2.381,3.105,2.629
2017-11-20,2.703,2.672,2.781,2.582,2.595,2.406,3.123,2.632
2017-11-13,2.708,2.692,2.791,2.613,2.622,2.422,3.156,2.631
2017-11-06,2.674,2.623,2.747,2.517,2.645,2.372,3.12,2.627
2017-10-30,2.662,2.595,2.692,2.504,2.524,2.338,2.997,2.605
2017-10-23,2.671,2.596,2.679,2.513,2.49,2.345,2.993,2.62
2017-10-16,2.689,2.619,2.698,2.54,2.474,2.382,3.005,2.618
2017-10-09,2.718,2.669,2.737,2.604,2.432,2.435,3.014,2.635
2017-10-02,2.769,2.737,2.787,2.691,2.503,2.501,3.042,2.659
2017-09-25,2.804,2.785,2.834,2.742,2.466,2.541,3.071,2.673
2017-09-18,2.838,2.833,2.898,2.782,2.544,2.582,3.09,2.691
2017-09-11,2.861,2.871,2.94,2.822,2.64,2.616,3.106,2.704
2017-09-04,2.84,2.864,2.936,2.817,2.639,2.621,3.084,2.694
2017-08-28,2.491,2.485,2.575,2.415,2.406,2.274,2.969,2.561
2017-08-21,2.469,2.451,2.574,2.354,2.345,2.238,2.953,2.546
2017-08-14,2.481,2.474,2.593,2.383,2.396,2.266,2.933,2.518
2017-08-07,2.484,2.481,2.607,2.386,2.38,2.273,2.911,2.482
2017-07-31,2.46,2.453,2.556,2.373,2.377,2.203,2.901,2.437
2017-07-24,2.426,2.411,2.53,2.318,2.312,2.186,2.873,2.436
2017-07-17,2.386,2.365,2.494,2.262,2.277,2.147,2.872,2.425
2017-07-10,2.397,2.372,2.499,2.27,2.323,2.149,2.885,2.437
2017-07-03,2.411,2.354,2.49,2.238,2.235,2.124,2.884,2.442
2017-06-26,2.416,2.379,2.508,2.273,2.269,2.169,2.893,2.482
2017-06-19,2.428,2.417,2.54,2.321,2.277,2.208,2.929,2.508
2017-06-12,2.457,2.458,2.573,2.373,2.341,2.255,2.96,2.513
2017-06-05,2.5,2.493,2.596,2.413,2.414,2.285,3.011,2.523
2017-05-29,2.509,2.486,2.605,2.39,2.393,2.268,3.027,2.512
2017-05-22,2.493,2.474,2.584,2.386,2.409,2.261,3.002,2.471
2017-05-15,2.47,2.467,2.58,2.382,2.363,2.242,2.94,2.474
2017-05-08,2.484,2.493,2.599,2.416,2.323,2.28,2.932,2.482
2017-05-01,2.501,2.531,2.634,2.461,2.382,2.309,2.948,2.493
2017-04-24,2.503,2.559,2.654,2.504,2.451,2.337,2.959,2.503
2017-04-17,2.474,2.541,2.645,2.482,2.431,2.352,2.951,2.464
2017-04-10,2.429,2.519,2.604,2.479,2.454,2.303,2.941,2.423
2017-04-03,2.394,2.45,2.541,2.396,2.372,2.236,2.921,2.389
2017-03-27,2.37,2.423,2.515,2.369,2.276,2.199,2.917,2.397
2017-03-20,2.37,2.414,2.522,2.345,2.313,2.186,2.918,2.399
2017-03-13,2.368,2.421,2.528,2.354,2.306,2.188,2.92,2.399
2017-03-06,2.368,2.433,2.53,2.377,2.358,2.205,2.903,2.378
2017-02-27,2.382,2.433,2.538,2.369,2.301,2.181,2.867,2.365
2017-02-20,2.395,2.439,2.558,2.362,2.279,2.181,2.819,2.342
2017-02-13,2.402,2.439,2.563,2.356,2.302,2.19,2.801,2.32
2017-02-06,2.401,2.447,2.571,2.366,2.269,2.183,2.766,2.323
2017-01-30,2.42,2.466,2.594,2.382,2.255,2.2,2.746,2.345
2017-01-23,2.443,2.491,2.619,2.408,2.306,2.233,2.743,2.344
2017-01-16,2.462,2.516,2.638,2.44,2.37,2.251,2.748,2.351
2017-01-09,2.48,2.537,2.649,2.469,2.433,2.277,2.748,2.345
2017-01-02,2.472,2.528,2.632,2.465,2.435,2.258,2.72,2.32
2016-12-26,2.413,2.456,2.553,2.396,2.372,2.191,2.659,2.26
2016-12-19,2.386,2.433,2.516,2.383,2.284,2.164,2.629,2.223
2016-12-12,2.362,2.403,2.501,2.34,2.254,2.118,2.623,2.21
2016-12-05,2.343,2.376,2.479,2.308,2.201,2.092,2.637,2.211
2016-11-28,2.302,2.312,2.426,2.23,2.131,2.021,2.638,2.237
2016-11-21,2.31,2.318,2.432,2.235,2.108,2.032,2.657,2.276
2016-11-14,2.336,2.362,2.458,2.298,2.087,2.087,2.712,2.324
2016-11-07,2.361,2.384,2.473,2.324,2.174,2.127,2.753,2.358
2016-10-31,2.353,2.361,2.41,2.327,2.166,2.153,2.763,2.383
2016-10-24,2.353,2.374,2.413,2.35,2.198,2.165,2.745,2.374
2016-10-17,2.349,2.38,2.402,2.371,2.247,2.153,2.744,2.356
2016-10-10,2.349,2.372,2.395,2.36,2.313,2.152,2.74,2.328
2016-10-03,2.324,2.347,2.372,2.336,2.266,2.12,2.743,2.328
2016-09-26,2.298,2.345,2.368,2.34,2.236,2.076,2.716,2.333
2016-09-19,2.296,2.334,2.356,2.328,2.244,2.079,2.717,2.353
2016-09-12,2.287,2.291,2.342,2.253,2.222,2.085,2.699,2.361
2016-09-05,2.309,2.314,2.361,2.281,2.269,2.113,2.66,2.352
2016-08-29,2.305,2.314,2.357,2.284,2.313,2.118,2.656,2.347
2016-08-22,2.27,2.27,2.326,2.227,2.259,2.076,2.637,2.314
2016-08-15,2.219,2.221,2.283,2.175,2.208,2.052,2.596,2.301
2016-08-08,2.237,2.21,2.283,2.149,2.204,2.038,2.635,2.314
2016-08-01,2.279,2.244,2.31,2.184,2.164,2.054,2.677,2.34
2016-07-25,2.319,2.263,2.338,2.192,2.165,2.088,2.734,2.349
2016-07-18,2.352,2.296,2.364,2.23,2.242,2.115,2.787,2.361
2016-07-11,2.38,2.336,2.405,2.272,2.243,2.152,2.797,2.372
2016-07-04,2.42,2.369,2.436,2.305,2.297,2.18,2.826,2.389
2016-06-27,2.435,2.392,2.455,2.332,2.378,2.204,2.832,2.403
2016-06-20,2.436,2.412,2.465,2.366,2.458,2.203,2.785,2.415
2016-06-13,2.455,2.441,2.479,2.408,2.554,2.243,2.786,2.408
2016-06-06,2.448,2.447,2.476,2.426,2.495,2.25,2.763,2.401
2016-05-30,2.443,2.42,2.478,2.371,2.425,2.198,2.738,2.403
2016-05-23,2.407,2.384,2.447,2.331,2.365,2.171,2.724,2.39
2016-05-16,2.359,2.35,2.413,2.301,2.263,2.093,2.71,2.33
2016-05-09,2.366,2.35,2.408,2.302,2.202,2.094,2.701,2.302
2016-05-02,2.345,2.346,2.399,2.307,2.269,2.099,2.702,2.257
2016-04-25,2.284,2.258,2.331,2.195,2.181,2.019,2.663,2.204
2016-04-18,2.253,2.23,2.303,2.17,2.139,2.013,2.658,2.165
2016-04-11,2.171,2.168,2.222,2.127,2.048,1.94,2.63,2.086
2016-04-04,2.158,2.165,2.201,2.139,2.07,1.973,2.647,2.049
2016-03-28,2.134,2.155,2.182,2.14,2.038,1.969,2.639,2.029
2016-03-21,2.034,2.075,2.09,2.075,2.021,1.91,2.547,1.982
2016-03-14,1.999,2.02,2.052,2.002,2.012,1.85,2.463,1.946
2016-03-07,1.903,1.918,1.954,1.896,1.896,1.706,2.313,1.863
2016-02-29,1.899,1.88,1.938,1.831,1.803,1.662,2.277,1.78
2016-02-22,1.906,1.876,1.943,1.818,1.693,1.631,2.206,1.754
2016-02-15,1.927,1.898,1.959,1.843,1.606,1.632,2.283,1.773
2016-02-08,1.967,1.936,2.016,1.868,1.602,1.667,2.379,1.835
2016-02-01,2.011,1.977,2.05,1.913,1.708,1.697,2.443,1.886
2016-01-25,2.04,2.006,2.086,1.937,1.714,1.734,2.526,1.943
2016-01-18,2.07,2.045,2.114,1.987,1.796,1.778,2.591,1.988
2016-01-11,2.123,2.11,2.189,2.046,1.906,1.831,2.698,2.028
2016-01-04,2.155,2.138,2.211,2.079,1.945,1.854,2.731,2.045
2015-12-28,2.172,2.154,2.231,2.092,1.959,1.865,2.698,2.052
2015-12-21,2.196,2.173,2.249,2.109,1.929,1.887,2.635,2.075
2015-12-14,2.211,2.182,2.273,2.105,1.986,1.892,2.577,2.074
2015-12-07,2.251,2.21,2.307,2.125,1.974,1.921,2.599,2.093
2015-11-30,2.264,2.223,2.312,2.145,1.959,1.929,2.614,2.132
2015-11-23,2.262,2.243,2.32,2.18,2.015,1.956,2.642,2.172
2015-11-16,2.282,2.291,2.354,2.245,2.168,2.027,2.7,2.216
2015-11-09,2.291,2.299,2.365,2.252,2.299,2.07,2.732,2.264
2015-11-02,2.27,2.25,2.311,2.198,2.351,2.018,2.714,2.322
2015-10-26,2.279,2.264,2.332,2.209,2.308,2.046,2.742,2.385
2015-10-19,2.296,2.299,2.36,2.255,2.382,2.1,2.763,2.441
2015-10-12,2.329,2.33,2.373,2.297,2.486,2.148,2.812,2.509
2015-10-05,2.343,2.309,2.361,2.261,2.435,2.132,2.85,2.56
2015-09-28,2.37,2.321,2.391,2.256,2.407,2.109,2.899,2.621
2015-09-21,2.403,2.337,2.431,2.248,2.354,2.12,2.975,2.688
2015-09-14,2.448,2.389,2.477,2.307,2.359,2.186,3.056,2.762
2015-09-07,2.487,2.438,2.528,2.357,2.419,2.231,3.156,2.809
2015-08-31,2.511,2.473,2.55,2.406,2.545,2.291,3.229,2.843
2015-08-24,2.597,2.559,2.636,2.492,2.746,2.379,3.349,2.892
2015-08-17,2.661,2.618,2.702,2.543,2.866,2.429,3.429,2.905
2015-08-10,2.701,2.647,2.735,2.567,2.544,2.43,3.426,2.867
2015-08-03,2.747,2.696,2.785,2.615,2.584,2.485,3.549,2.897
2015-07-27,2.798,2.741,2.812,2.671,2.649,2.53,3.615,2.925
2015-07-20,2.825,2.779,2.854,2.711,2.738,2.577,3.674,2.911
2015-07-13,2.856,2.816,2.895,2.747,2.791,2.617,3.66,2.889
2015-07-06,2.862,2.827,2.906,2.758,2.805,2.61,3.357,2.882
2015-06-29,2.876,2.836,2.909,2.77,2.806,2.631,3.368,2.867
2015-06-22,2.883,2.837,2.892,2.784,2.811,2.662,3.389,2.864
2015-06-15,2.864,2.849,2.908,2.802,2.862,2.678,3.396,2.86
2015-06-08,2.82,2.798,2.857,2.748,2.745,2.623,3.441,2.832
2015-06-01,2.8,2.779,2.846,2.723,2.762,2.567,3.506,2.814
2015-05-25,2.798,2.773,2.839,2.716,2.721,2.572,3.553,2.805
2015-05-18,2.756,2.736,2.815,2.671,2.664,2.552,3.578,2.764
2015-05-11,2.741,2.717,2.812,2.64,2.573,2.522,3.508,2.71
2015-05-04,2.717,2.686,2.774,2.612,2.565,2.468,3.483,2.639
2015-04-27,2.644,2.627,2.706,2.563,2.506,2.391,3.244,2.55
2015-04-20,2.566,2.553,2.633,2.489,2.463,2.328,3.028,2.498
2015-04-13,2.435,2.47,2.528,2.436,2.367,2.275,2.983,2.421
2015-04-06,2.443,2.466,2.522,2.43,2.375,2.271,3.017,2.389
2015-03-30,2.45,2.484,2.529,2.46,2.44,2.273,3.061,2.383
2015-03-23,2.474,2.473,2.549,2.416,2.451,2.275,3.108,2.372
2015-03-16,2.524,2.51,2.59,2.446,2.344,2.306,3.181,2.355
2015-03-09,2.545,2.529,2.61,2.464,2.4,2.313,3.245,2.296
2015-03-02,2.48,2.496,2.557,2.455,2.44,2.301,3.194,2.184
2015-02-23,2.385,2.414,2.476,2.375,2.336,2.195,2.819,2.101
2015-02-16,2.34,2.366,2.424,2.329,2.302,2.16,2.681,2.055
2015-02-09,2.29,2.304,2.381,2.25,2.231,2.07,2.533,2.008
2015-02-02,2.242,2.203,2.289,2.127,2.093,1.949,2.386,1.929
2015-01-26,2.264,2.22,2.304,2.146,2.001,1.939,2.387,1.934
2015-01-19,2.32,2.274,2.378,2.184,1.984,1.933,2.438,1.972
2015-01-12,2.446,2.369,2.477,2.268,2.018,2.0,2.547,2.051
2015-01-05,2.55,2.474,2.594,2.364,2.038,2.082,2.638,2.182
2014-12-29,2.649,2.556,2.676,2.441,2.151,2.163,2.671,2.296
2014-12-22,2.732,2.641,2.753,2.531,2.288,2.265,2.753,2.453
2014-12-15,2.845,2.753,2.849,2.656,2.479,2.418,2.887,2.652
2014-12-08,2.95,2.853,2.957,2.748,2.65,2.529,2.993,2.804
2014-12-01,3.038,2.935,3.038,2.83,2.778,2.621,3.07,2.922
2014-11-24,3.058,2.968,3.065,2.871,2.825,2.683,3.101,2.996
2014-11-17,3.107,3.022,3.102,2.938,2.918,2.761,3.167,3.073
2014-11-10,3.153,3.06,3.134,2.979,2.966,2.811,3.222,3.138
2014-11-03,3.214,3.106,3.194,3.01,3.02,2.857,3.291,3.205
2014-10-27,3.286,3.163,3.244,3.069,3.075,2.917,3.379,3.26
2014-10-20,3.347,3.248,3.318,3.169,3.089,2.999,3.478,3.314
2014-10-13,3.443,3.345,3.394,3.281,3.144,3.093,3.59,3.403
2014-10-06,3.498,3.421,3.45,3.378,3.257,3.193,3.663,3.491
2014-09-29,3.547,3.444,3.482,3.388,3.359,3.238,3.697,3.552
2014-09-22,3.568,3.45,3.494,3.385,3.334,3.209,3.735,3.6
2014-09-15,3.608,3.482,3.533,3.41,3.416,3.253,3.792,3.65
2014-09-08,3.626,3.512,3.557,3.448,3.499,3.302,3.825,3.682
2014-09-01,3.627,3.514,3.552,3.456,3.493,3.296,3.848,3.696
2014-08-25,3.628,3.508,3.557,3.439,3.456,3.319,3.877,3.708
2014-08-18,3.661,3.54,3.592,3.468,3.451,3.343,3.897,3.716
2014-08-11,3.687,3.572,3.635,3.494,3.508,3.351,3.922,3.711
2014-08-04,3.727,3.609,3.672,3.528,3.473,3.385,3.945,3.701
2014-07-28,3.77,3.646,3.713,3.562,3.464,3.429,3.976,3.704
2014-07-21,3.794,3.69,3.763,3.608,3.552,3.47,4.01,3.699
2014-07-14,3.828,3.731,3.801,3.653,3.593,3.517,4.054,3.704
2014-07-07,3.846,3.761,3.834,3.682,3.669,3.539,4.091,3.702
2014-06-30,3.84,3.778,3.844,3.711,3.724,3.56,4.09,3.689
2014-06-23,3.831,3.768,3.831,3.704,3.748,3.571,4.066,3.665
2014-06-16,3.811,3.741,3.802,3.676,3.769,3.505,4.054,3.59
2014-06-09,3.792,3.736,3.798,3.674,3.747,3.495,4.05,3.568
2014-06-02,3.793,3.747,3.8,3.695,3.771,3.517,4.062,3.563
2014-05-26,3.796,3.759,3.807,3.712,3.708,3.512,4.061,3.563
2014-05-19,3.798,3.763,3.803,3.723,3.667,3.517,4.072,3.566
2014-05-12,3.809,3.779,3.822,3.74,3.653,3.515,4.079,3.57
2014-05-05,3.819,3.798,3.833,3.765,3.65,3.543,4.112,3.559
2014-04-28,3.822,3.803,3.836,3.772,3.717,3.568,4.131,3.538
2014-04-21,3.754,3.76,3.762,3.76,3.695,3.568,4.086,3.499
2014-04-14,3.708,3.707,3.703,3.71,3.687,3.548,4.037,3.49
2014-04-07,3.676,3.678,3.687,3.672,3.632,3.469,3.938,3.5
2014-03-31,3.677,3.653,3.676,3.63,3.641,3.418,3.909,3.505
2014-03-24,3.673,3.625,3.679,3.571,3.604,3.395,3.88,3.512
2014-03-17,3.678,3.619,3.683,3.554,3.627,3.358,3.868,3.51
2014-03-10,3.666,3.59,3.686,3.499,3.589,3.328,3.811,3.491
2014-03-03,3.644,3.573,3.664,3.485,3.55,3.303,3.766,3.445
2014-02-24,3.624,3.564,3.642,3.488,3.493,3.287,3.709,3.378
2014-02-17,3.572,3.512,3.601,3.428,3.413,3.257,3.629,3.294
2014-02-10,3.538,3.453,3.531,3.371,3.339,3.163,3.573,3.192
2014-02-03,3.534,3.463,3.537,3.387,3.289,3.162,3.548,3.179
2014-01-27,3.551,3.48,3.551,3.406,3.272,3.171,3.541,3.189
2014-01-20,3.575,3.491,3.56,3.416,3.255,3.181,3.547,3.2
2014-01-13,3.61,3.512,3.597,3.421,3.309,3.185,3.581,3.203
2014-01-06,3.633,3.538,3.626,3.445,3.278,3.2,3.602,3.175
2013-12-30,3.624,3.511,3.607,3.409,3.319,3.197,3.581,3.155
2013-12-23,3.598,3.48,3.564,3.385,3.216,3.139,3.538,3.112
2013-12-16,3.585,3.472,3.555,3.379,3.135,3.124,3.526,3.111
2013-12-09,3.571,3.482,3.548,3.407,3.19,3.18,3.531,3.133
2013-12-02,3.553,3.488,3.537,3.432,3.179,3.203,3.529,3.17
2013-11-25,3.532,3.484,3.518,3.445,3.249,3.216,3.511,3.202
2013-11-18,3.478,3.381,3.439,3.312,3.185,3.084,3.52,3.238
2013-11-11,3.479,3.345,3.4,3.267,3.133,3.057,3.561,3.282
2013-11-04,3.516,3.391,3.441,3.32,3.243,3.112,3.617,3.361
2013-10-28,3.544,3.42,3.467,3.351,3.255,3.151,3.663,3.422
2013-10-21,3.575,3.455,3.487,3.397,3.367,3.208,3.709,3.48
2013-10-14,3.606,3.448,3.502,3.365,3.349,3.188,3.739,3.512
2013-10-07,3.652,3.461,3.53,3.358,3.324,3.206,3.791,3.56
2013-09-30,3.693,3.509,3.582,3.404,3.399,3.254,3.858,3.602
2013-09-23,3.745,3.556,3.642,3.439,3.506,3.308,3.921,3.639
2013-09-16,3.79,3.629,3.717,3.518,3.535,3.379,3.955,3.664
2013-09-09,3.823,3.682,3.753,3.59,3.619,3.454,3.851,3.684
2013-09-02,3.826,3.7,3.759,3.623,3.679,3.484,3.803,3.678
2013-08-26,3.801,3.649,3.714,3.559,3.572,3.459,3.797,3.675
2013-08-19,3.809,3.651,3.723,3.554,3.548,3.449,3.829,3.693
2013-08-12,3.831,3.664,3.742,3.561,3.525,3.464,3.892,3.699
2013-08-05,3.859,3.719,3.795,3.625,3.637,3.52,3.939,3.692
2013-07-29,3.875,3.738,3.822,3.639,3.623,3.552,3.983,3.695
2013-07-22,3.879,3.746,3.804,3.667,3.708,3.58,4.007,3.669
2013-07-15,3.803,3.681,3.737,3.606,3.686,3.518,3.98,3.665
2013-07-08,3.645,3.553,3.614,3.481,3.456,3.368,3.929,3.666
2013-07-01,3.643,3.56,3.614,3.498,3.439,3.385,3.947,3.696
2013-06-24,3.673,3.599,3.639,3.549,3.59,3.452,4.003,3.726
2013-06-17,3.673,3.599,3.626,3.559,3.78,3.453,3.941,3.74
2013-06-10,3.667,3.587,3.632,3.532,3.91,3.415,3.93,3.771
2013-06-03,3.66,3.579,3.633,3.516,3.877,3.413,3.942,3.779
2013-05-27,3.668,3.594,3.646,3.535,3.818,3.438,3.984,3.773
2013-05-20,3.654,3.583,3.627,3.531,3.903,3.462,4.004,3.72
2013-05-13,3.63,3.579,3.614,3.538,3.715,3.437,3.989,3.609
2013-05-06,3.603,3.549,3.583,3.508,3.651,3.371,3.863,3.543
2013-04-29,3.601,3.555,3.592,3.514,3.596,3.369,3.853,3.535
2013-04-22,3.626,3.575,3.615,3.531,3.591,3.397,3.889,3.541
2013-04-15,3.678,3.628,3.676,3.578,3.497,3.436,3.941,3.559
2013-04-08,3.723,3.68,3.724,3.636,3.596,3.504,3.981,3.576
2013-04-01,3.772,3.724,3.763,3.681,3.641,3.552,3.998,3.547
2013-03-25,3.796,3.753,3.784,3.718,3.699,3.575,4.016,3.518
2013-03-18,3.819,3.781,3.8,3.757,3.689,3.593,4.062,3.518
2013-03-11,3.843,3.816,3.834,3.796,3.661,3.611,4.104,3.518
2013-03-04,3.868,3.851,3.86,3.839,3.752,3.647,4.125,3.526
2013-02-25,3.885,3.885,3.89,3.882,3.778,3.694,4.109,3.521
2013-02-18,3.866,3.836,3.859,3.811,3.806,3.602,4.031,3.459
2013-02-11,3.807,3.733,3.814,3.652,3.624,3.451,3.924,3.323
2013-02-04,3.755,3.677,3.753,3.599,3.556,3.401,3.795,3.192
2013-01-28,3.608,3.537,3.615,3.459,3.333,3.232,3.6,3.029
2013-01-21,3.579,3.509,3.583,3.435,3.269,3.22,3.558,2.927
2013-01-14,3.593,3.537,3.605,3.47,3.204,3.232,3.545,2.914
2013-01-07,3.595,3.529,3.611,3.449,3.19,3.235,3.542,2.982
2012-12-31,3.577,3.492,3.592,3.393,3.266,3.177,3.51,3.066
2012-12-24,3.56,3.445,3.563,3.325,3.217,3.125,3.48,3.147
2012-12-17,3.574,3.439,3.577,3.299,3.187,3.112,3.51,3.263
2012-12-10,3.639,3.507,3.637,3.373,3.328,3.193,3.597,3.379
2012-12-03,3.679,3.547,3.688,3.405,3.364,3.227,3.668,3.456
2012-11-26,3.713,3.574,3.729,3.421,3.432,3.24,3.719,3.524
2012-11-19,3.727,3.569,3.748,3.392,3.387,3.233,3.759,3.562
2012-11-12,3.754,3.581,3.75,3.407,3.377,3.271,3.834,3.612
2012-11-05,3.792,3.625,3.771,3.47,3.367,3.337,3.951,3.663
2012-10-29,3.817,3.679,3.787,3.561,3.435,3.404,4.099,3.702
2012-10-22,3.917,3.789,3.882,3.684,3.528,3.514,4.301,3.755
2012-10-15,4.0,3.88,3.969,3.78,3.726,3.61,4.449,3.781
2012-10-08,4.029,3.884,4.0,3.757,3.812,3.603,4.468,3.797
2012-10-01,4.027,3.887,3.985,3.775,3.823,3.62,4.132,3.815
2012-09-24,4.018,3.914,3.997,3.824,3.853,3.666,4.116,3.821
2012-09-17,4.056,3.962,4.038,3.879,3.932,3.721,4.125,3.821
2012-09-10,3.988,3.911,3.948,3.861,3.897,3.706,4.133,3.749
2012-09-03,3.921,3.894,3.911,3.873,3.914,3.709,4.124,3.689
2012-08-27,3.884,3.833,3.867,3.793,3.818,3.646,4.093,3.624
2012-08-20,3.874,3.792,3.834,3.738,3.801,3.61,4.055,3.582
2012-08-13,3.84,3.758,3.807,3.698,3.826,3.552,4.002,3.545
2012-08-06,3.772,3.678,3.722,3.619,3.813,3.476,3.811,3.509
2012-07-30,3.698,3.577,3.654,3.486,3.553,3.374,3.76,3.512
2012-07-23,3.701,3.568,3.647,3.472,3.52,3.356,3.769,3.537
2012-07-16,3.61,3.483,3.567,3.386,3.458,3.263,3.726,3.556
2012-07-09,3.561,3.437,3.523,3.339,3.48,3.224,3.723,3.595
2012-07-02,3.538,3.377,3.475,3.259,3.357,3.187,3.765,3.63
2012-06-25,3.577,3.427,3.506,3.328,3.466,3.257,3.875,3.681
2012-06-18,3.629,3.484,3.564,3.385,3.598,3.329,4.014,3.737
2012-06-11,3.683,3.533,3.62,3.427,3.578,3.372,4.144,3.756
2012-06-04,3.746,3.595,3.689,3.482,3.558,3.433,4.236,3.776
2012-05-28,3.798,3.652,3.742,3.545,3.631,3.483,4.277,3.788
2012-05-21,3.85,3.713,3.798,3.613,3.665,3.551,4.293,3.801
2012-05-14,3.899,3.778,3.848,3.693,3.679,3.62,4.308,3.808
2012-05-07,3.947,3.838,3.889,3.77,3.761,3.685,4.186,3.809
2012-04-30,3.991,3.904,3.951,3.846,3.788,3.747,4.171,3.831
2012-04-23,4.023,3.958,4.004,3.905,3.811,3.81,4.193,3.842
2012-04-16,4.046,4.0,4.027,3.966,3.891,3.864,4.222,3.845
2012-04-09,4.025,4.02,4.044,4.002,3.897,3.881,4.254,3.833
2012-04-02,3.957,3.983,3.996,3.981,3.941,3.864,4.282,3.793
2012-03-26,3.921,3.942,3.953,3.94,3.937,3.82,4.294,3.734
2012-03-19,3.889,3.883,3.9,3.87,3.877,3.759,4.288,3.671
2012-03-12,3.867,3.843,3.862,3.822,3.847,3.707,4.273,3.529
2012-03-05,3.876,3.838,3.848,3.82,3.781,3.667,4.25,3.38
2012-02-27,3.827,3.805,3.816,3.792,3.662,3.619,4.178,3.242
2012-02-20,3.751,3.725,3.739,3.707,3.504,3.541,3.95,3.145
2012-02-13,3.703,3.682,3.695,3.667,3.444,3.493,3.781,3.119
2012-02-06,3.655,3.625,3.64,3.606,3.45,3.411,3.722,3.116
2012-01-30,3.633,3.592,3.617,3.562,3.39,3.354,3.702,3.077
2012-01-23,3.568,3.529,3.567,3.489,3.346,3.29,3.675,3.058
2012-01-16,3.542,3.503,3.533,3.471,3.403,3.273,3.66,3.047
2012-01-09,3.523,3.487,3.513,3.458,3.395,3.263,3.657,3.056
2012-01-02,3.439,3.395,3.422,3.363,3.308,3.158,3.599,3.08
2011-12-26,3.402,3.344,3.389,3.295,3.27,3.119,3.556,3.119
2011-12-19,3.413,3.346,3.389,3.295,3.186,3.103,3.541,3.186
2011-12-12,3.445,3.38,3.413,3.338,3.266,3.149,3.6,3.282
2011-12-05,3.47,3.378,3.415,3.324,3.251,3.153,3.644,3.341
2011-11-28,3.501,3.405,3.452,3.345,3.227,3.176,3.701,3.389
2011-11-21,3.536,3.453,3.492,3.402,3.308,3.225,3.76,3.445
2011-11-14,3.571,3.499,3.53,3.455,3.414,3.294,3.813,3.489
2011-11-07,3.57,3.489,3.53,3.436,3.375,3.286,3.824,3.513
2011-10-31,3.586,3.513,3.551,3.464,3.422,3.322,3.828,3.538
2011-10-24,3.604,3.532,3.569,3.485,3.396,3.362,3.843,3.567
2011-10-17,3.618,3.524,3.57,3.465,3.45,3.361,3.842,3.579
2011-10-10,3.583,3.479,3.541,3.404,3.373,3.283,3.805,3.567
2011-10-03,3.633,3.518,3.583,3.437,3.358,3.299,3.827,3.592
2011-09-26,3.684,3.583,3.645,3.509,3.467,3.371,3.877,3.623
2011-09-19,3.758,3.66,3.711,3.595,3.609,3.473,3.906,3.648
2011-09-12,3.809,3.705,3.742,3.648,3.717,3.532,3.918,3.641
2011-09-05,3.809,3.711,3.738,3.664,3.745,3.554,3.913,3.619
2011-08-29,3.784,3.678,3.703,3.631,3.709,3.533,3.798,3.58
2011-08-22,3.796,3.671,3.704,3.611,3.605,3.523,3.74,3.57
2011-08-15,3.82,3.712,3.747,3.655,3.619,3.55,3.743,3.578
2011-08-08,3.88,3.781,3.812,3.73,3.701,3.617,3.794,3.606
2011-08-01,3.903,3.818,3.842,3.777,3.753,3.662,3.803,3.595
2011-07-25,3.898,3.805,3.829,3.762,3.73,3.659,3.805,3.574
2011-07-18,3.882,3.776,3.811,3.721,3.729,3.627,3.794,3.563
2011-07-11,3.827,3.718,3.76,3.657,3.704,3.563,3.779,3.553
2011-07-04,3.784,3.64,3.711,3.547,3.631,3.469,3.793,3.563
2011-06-27,3.815,3.67,3.748,3.573,3.529,3.504,3.842,3.613
2011-06-20,3.851,3.727,3.804,3.636,3.651,3.57,3.898,3.668
2011-06-13,3.873,3.765,3.842,3.678,3.76,3.618,3.935,3.704
2011-06-06,3.924,3.808,3.881,3.721,3.894,3.64,3.981,3.732
2011-05-30,3.973,3.852,3.922,3.767,3.836,3.683,4.031,3.752
2011-05-23,4.034,3.929,3.985,3.859,3.852,3.771,4.087,3.778
2011-05-16,4.101,4.021,4.062,3.968,4.01,3.881,4.169,3.802
2011-05-09,4.095,4.018,4.066,3.961,4.018,3.872,4.202,3.77
2011-05-02,4.078,3.994,4.046,3.932,4.047,3.866,4.193,3.744
2011-04-25,3.988,3.913,3.962,3.855,3.938,3.781,4.151,3.683
2011-04-18,3.919,3.868,3.892,3.836,3.883,3.781,4.134,3.655
2011-04-11,3.823,3.805,3.821,3.788,3.841,3.724,4.089,3.616
2011-04-04,3.72,3.702,3.72,3.684,3.718,3.605,4.003,3.547
2011-03-28,3.638,3.623,3.638,3.608,3.587,3.521,3.968,3.487
2011-03-21,3.624,3.607,3.625,3.588,3.554,3.48,3.909,3.435
2011-03-14,3.634,3.616,3.631,3.6,3.561,3.495,3.892,3.407
2011-03-07,3.6,3.568,3.582,3.548,3.521,3.461,3.818,3.346
2011-02-28,3.437,3.425,3.433,3.416,3.403,3.305,3.674,3.23
2011-02-21,3.281,3.241,3.274,3.206,3.175,3.087,3.53,3.12
2011-02-14,3.263,3.207,3.245,3.164,3.125,3.058,3.43,3.062
2011-02-07,3.255,3.193,3.239,3.142,3.159,3.033,3.381,3.034
2011-01-31,3.24,3.176,3.231,3.117,3.122,2.996,3.348,2.974
2011-01-24,3.243,3.192,3.237,3.143,3.122,3.022,3.342,2.96
2011-01-17,3.232,3.181,3.229,3.132,3.125,3.017,3.336,2.934
2011-01-10,3.215,3.166,3.205,3.123,3.12,2.992,3.312,2.903
2011-01-03,3.193,3.149,3.193,3.104,3.1,2.98,3.287,2.891
2010-12-27,3.177,3.133,3.179,3.086,3.085,2.955,3.268,2.868
2010-12-20,3.15,3.077,3.141,3.01,2.972,2.887,3.236,2.846
2010-12-13,3.139,3.076,3.14,3.01,2.967,2.884,3.236,2.842
2010-12-06,3.132,3.048,3.109,2.98,2.962,2.86,3.203,2.817
2010-11-29,3.065,2.961,3.046,2.87,2.823,2.727,3.145,2.812
2010-11-22,3.07,2.965,3.039,2.881,2.861,2.752,3.162,2.83
2010-11-15,3.03,2.948,3.0,2.885,2.913,2.78,3.161,2.842
2010-11-08,2.961,2.893,2.931,2.846,2.928,2.741,3.13,2.831
2010-11-01,2.938,2.861,2.917,2.798,2.795,2.699,3.129,2.831
2010-10-25,2.938,2.873,2.921,2.818,2.801,2.718,3.13,2.841
2010-10-18,2.919,2.878,2.917,2.838,2.842,2.736,3.131,2.849
2010-10-11,2.878,2.84,2.868,2.809,2.867,2.732,3.08,2.845
2010-10-04,2.776,2.743,2.764,2.718,2.771,2.645,3.013,2.841
2010-09-27,2.717,2.704,2.707,2.698,2.712,2.619,3.001,2.853
2010-09-20,2.718,2.713,2.713,2.711,2.778,2.642,3.013,2.872
2010-09-13,2.716,2.69,2.706,2.671,2.813,2.594,3.028,2.875
2010-09-06,2.717,2.67,2.699,2.636,2.709,2.574,3.044,2.87
2010-08-30,2.735,2.68,2.715,2.639,2.672,2.584,3.087,2.868
2010-08-23,2.77,2.716,2.755,2.671,2.662,2.621,3.129,2.854
2010-08-16,2.796,2.751,2.779,2.718,2.717,2.671,3.151,2.85
2010-08-09,2.81,2.781,2.805,2.755,2.791,2.698,3.159,2.837
2010-08-02,2.792,2.744,2.784,2.7,2.73,2.64,3.123,2.802
2010-07-26,2.792,2.738,2.781,2.691,2.774,2.65,3.123,2.797
2010-07-19,2.784,2.719,2.771,2.662,2.736,2.612,3.112,2.797
2010-07-12,2.796,2.728,2.783,2.668,2.716,2.621,3.094,2.791
2010-07-05,2.806,2.744,2.793,2.69,2.71,2.637,3.1,2.802
2010-06-28,2.815,2.768,2.815,2.72,2.766,2.668,3.105,2.814
2010-06-21,2.81,2.758,2.808,2.706,2.749,2.654,3.084,2.82
2010-06-14,2.805,2.73,2.78,2.672,2.68,2.635,3.043,2.819
2010-06-07,2.83,2.758,2.809,2.701,2.7,2.668,3.057,2.841
2010-05-31,2.857,2.794,2.847,2.738,2.665,2.701,3.026,2.871
2010-05-24,2.906,2.861,2.899,2.821,2.731,2.756,3.058,2.908
2010-05-17,2.961,2.927,2.958,2.895,2.838,2.82,3.12,2.95
2010-05-10,2.983,2.96,2.982,2.937,2.906,2.845,3.145,2.962
2010-05-03,2.981,2.942,2.966,2.913,2.918,2.836,3.127,2.948
2010-04-26,2.935,2.899,2.921,2.873,2.843,2.787,3.105,2.941
2010-04-19,2.895,2.889,2.902,2.877,2.881,2.805,3.107,2.936
2010-04-12,2.885,2.89,2.899,2.885,2.869,2.81,3.109,2.915
2010-04-05,2.849,2.854,2.869,2.845,2.839,2.773,3.09,2.877
2010-03-29,2.826,2.84,2.85,2.835,2.789,2.74,3.086,2.842
2010-03-22,2.831,2.853,2.854,2.857,2.839,2.752,3.083,2.819
2010-03-15,2.834,2.842,2.844,2.843,2.774,2.743,3.054,2.782
2010-03-08,2.805,2.806,2.818,2.796,2.73,2.704,3.034,2.733
2010-03-01,2.766,2.764,2.777,2.753,2.676,2.654,2.987,2.681
2010-02-22,2.753,2.723,2.754,2.691,2.641,2.59,2.917,2.667
2010-02-15,2.747,2.702,2.745,2.658,2.538,2.54,2.915,2.654
2010-02-08,2.771,2.734,2.773,2.694,2.61,2.573,2.946,2.671
2010-02-01,2.788,2.752,2.784,2.718,2.598,2.598,2.962,2.666
2010-01-25,2.806,2.791,2.817,2.767,2.659,2.646,2.991,2.671
2010-01-18,2.828,2.818,2.843,2.797,2.716,2.674,3.004,2.664
2010-01-11,2.818,2.811,2.841,2.787,2.761,2.673,3.017,2.623
2010-01-04,2.737,2.72,2.754,2.69,2.671,2.582,2.952,2.556
2009-12-28,2.691,2.67,2.712,2.633,2.593,2.523,2.911,2.547
2009-12-21,2.682,2.664,2.706,2.628,2.56,2.502,2.898,2.553
2009-12-14,2.703,2.684,2.727,2.647,2.55,2.532,2.9,2.586
2009-12-07,2.728,2.713,2.753,2.68,2.601,2.575,2.911,2.606
2009-11-30,2.719,2.701,2.743,2.665,2.604,2.555,2.916,2.619
2009-11-23,2.725,2.704,2.748,2.666,2.616,2.566,2.932,2.632
2009-11-16,2.73,2.705,2.755,2.661,2.579,2.557,2.944,2.649
2009-11-09,2.742,2.731,2.772,2.697,2.648,2.586,2.957,2.651
2009-11-02,2.75,2.743,2.777,2.717,2.705,2.619,2.96,2.653
2009-10-26,2.715,2.719,2.741,2.704,2.69,2.603,2.94,2.626
2009-10-19,2.595,2.592,2.63,2.564,2.574,2.494,2.924,2.565
2009-10-12,2.536,2.486,2.537,2.434,2.474,2.373,2.947,2.532
2009-10-05,2.569,2.484,2.551,2.41,2.393,2.344,2.997,2.553
2009-09-28,2.605,2.523,2.596,2.445,2.41,2.366,3.036,2.598
2009-09-21,2.66,2.571,2.653,2.485,2.48,2.413,3.082,2.62
2009-09-14,2.7,2.607,2.689,2.52,2.498,2.437,3.094,2.636
2009-09-07,2.718,2.644,2.715,2.571,2.497,2.462,3.054,2.645
2009-08-31,2.726,2.664,2.728,2.599,2.555,2.517,3.008,2.663
2009-08-24,2.714,2.676,2.736,2.62,2.58,2.545,3.0,2.665
2009-08-17,2.72,2.684,2.741,2.633,2.581,2.57,3.012,2.66
2009-08-10,2.708,2.675,2.721,2.63,2.628,2.58,3.004,2.622
2009-08-03,2.628,2.592,2.649,2.54,2.547,2.488,2.879,2.554
2009-07-27,2.581,2.545,2.6,2.493,2.493,2.423,2.819,2.549
2009-07-20,2.57,2.536,2.599,2.48,2.392,2.378,2.819,2.572
2009-07-13,2.626,2.602,2.655,2.557,2.469,2.441,2.87,2.613
2009-07-06,2.703,2.673,2.718,2.631,2.583,2.517,2.936,2.639
2009-06-29,2.719,2.701,2.738,2.668,2.607,2.572,2.959,2.649
2009-06-22,2.736,2.729,2.757,2.706,2.699,2.616,2.983,2.65
2009-06-15,2.697,2.687,2.713,2.664,2.721,2.587,2.946,2.619
2009-06-08,2.62,2.61,2.635,2.589,2.738,2.529,2.853,2.561
2009-06-01,2.554,2.528,2.556,2.5,2.619,2.44,2.73,2.466
2009-05-25,2.464,2.461,2.491,2.437,2.504,2.374,2.624,2.408
2009-05-18,2.358,2.361,2.385,2.343,2.333,2.269,2.506,2.285
2009-05-11,2.298,2.28,2.304,2.257,2.292,2.189,2.416,2.226
2009-05-04,2.137,2.115,2.152,2.082,2.085,2.012,2.341,2.14
2009-04-27,2.107,2.103,2.129,2.082,2.023,2.003,2.325,2.118
2009-04-20,2.104,2.108,2.126,2.096,2.042,2.024,2.325,2.094
2009-04-13,2.064,2.095,2.108,2.094,2.04,2.018,2.321,2.052
2009-04-06,2.06,2.09,2.103,2.089,2.02,2.01,2.298,2.008
2009-03-30,2.062,2.093,2.104,2.093,2.064,2.024,2.255,1.979
2009-03-23,1.99,2.007,2.031,1.993,1.982,1.932,2.178,1.908
2009-03-16,1.966,1.977,2.004,1.959,1.885,1.865,2.182,1.861
2009-03-09,1.968,1.987,2.011,1.973,1.952,1.875,2.215,1.856
2009-03-02,1.976,1.99,2.012,1.977,1.921,1.886,2.222,1.834
2009-02-23,1.967,1.98,2.024,1.951,1.843,1.842,2.268,1.843
2009-02-16,1.993,2.018,2.042,2.006,1.939,1.894,2.29,1.862
2009-02-09,1.965,1.98,2.007,1.964,1.897,1.893,2.222,1.822
2009-02-02,1.926,1.944,1.964,1.935,1.904,1.858,2.128,1.756
2009-01-26,1.87,1.884,1.903,1.874,1.853,1.783,2.103,1.689
2009-01-19,1.854,1.879,1.888,1.879,1.908,1.784,2.076,1.653
2009-01-12,1.802,1.819,1.834,1.813,1.857,1.701,2.002,1.61
2009-01-05,1.726,1.715,1.751,1.685,1.767,1.604,1.895,1.54
2008-12-29,1.709,1.705,1.764,1.661,1.601,1.555,1.839,1.55
2008-12-22,1.748,1.747,1.81,1.7,1.657,1.607,1.839,1.568
2008-12-15,1.766,1.758,1.842,1.694,1.678,1.615,1.8,1.603
2008-12-08,1.83,1.833,1.935,1.759,1.636,1.697,1.877,1.668
2008-12-01,1.936,1.936,2.039,1.86,1.753,1.788,2.02,1.784
2008-11-24,2.015,2.029,2.14,1.95,1.785,1.86,2.167,1.893
2008-11-17,2.183,2.189,2.293,2.113,1.967,2.014,2.408,2.08
2008-11-10,2.354,2.349,2.478,2.25,2.095,2.153,2.584,2.305
2008-11-03,2.51,2.528,2.657,2.437,2.272,2.284,2.793,2.532
2008-10-27,2.704,2.761,2.861,2.702,2.534,2.515,3.105,2.813
2008-10-20,2.927,3.012,3.06,2.999,2.807,2.791,3.329,3.091
2008-10-13,3.161,3.298,3.277,3.352,3.028,3.047,3.472,3.32
2008-10-06,3.446,3.616,3.523,3.733,3.431,3.491,3.618,3.545
2008-09-29,3.589,3.734,3.646,3.839,3.647,3.654,3.693,3.647
2008-09-22,3.66,3.793,3.715,3.888,3.792,3.733,3.743,3.699
2008-09-15,3.715,3.88,3.751,4.023,3.984,3.812,3.82,3.802
2008-09-08,3.665,3.682,3.681,3.687,3.669,3.605,3.863,3.815
2008-09-01,3.695,3.706,3.722,3.696,3.705,3.631,3.91,3.861
2008-08-25,3.713,3.707,3.751,3.673,3.719,3.575,3.957,3.884
2008-08-18,3.784,3.775,3.816,3.742,3.74,3.653,4.03,3.939
2008-08-11,3.893,3.87,3.923,3.824,3.765,3.739,4.107,4.005
2008-08-04,3.984,3.958,4.008,3.913,3.806,3.819,4.191,4.059
2008-07-28,4.053,4.031,4.079,3.988,3.86,3.912,4.296,4.111
2008-07-21,4.161,4.111,4.149,4.068,4.014,3.996,4.416,4.155
2008-07-14,4.186,4.136,4.176,4.092,4.099,4.025,4.466,4.147
2008-07-07,4.193,4.143,4.181,4.1,4.092,4.013,4.492,4.114
2008-06-30,4.169,4.121,4.171,4.071,4.064,3.983,4.507,4.082
2008-06-23,4.171,4.111,4.167,4.052,4.03,3.973,4.512,4.051
2008-06-16,4.179,4.115,4.167,4.06,4.03,3.99,4.504,4.043
2008-06-09,4.137,4.081,4.121,4.036,4.015,3.963,4.375,3.988
2008-06-02,4.076,4.033,4.065,3.997,3.984,3.9,4.215,3.939
2008-05-26,4.023,4.0,4.01,3.986,3.983,3.881,4.076,3.899
2008-05-19,3.887,3.857,3.886,3.826,3.832,3.742,3.932,3.733
2008-05-12,3.797,3.775,3.793,3.756,3.769,3.669,3.883,3.655
2008-05-05,3.675,3.673,3.702,3.651,3.611,3.56,3.85,3.54
2008-04-28,3.649,3.663,3.678,3.656,3.6,3.558,3.836,3.523
2008-04-21,3.538,3.547,3.546,3.549,3.502,3.462,3.784,3.461
2008-04-14,3.338,3.399,3.394,3.419,3.391,3.336,3.713,3.369
2008-04-07,3.28,3.348,3.34,3.372,3.33,3.304,3.628,3.312
2008-03-31,3.261,3.32,3.324,3.332,3.28,3.258,3.573,3.278
2008-03-24,3.249,3.305,3.309,3.317,3.225,3.218,3.567,3.245
2008-03-17,3.258,3.315,3.311,3.333,3.284,3.228,3.572,3.225
2008-03-10,3.22,3.255,3.25,3.269,3.224,3.181,3.506,3.154
2008-03-03,3.196,3.229,3.227,3.239,3.111,3.139,3.434,3.133
2008-02-25,3.183,3.209,3.213,3.214,3.111,3.108,3.314,3.096
2008-02-18,3.092,3.11,3.127,3.101,3.078,2.993,3.185,3.005
2008-02-11,3.062,3.041,3.084,3.004,2.974,2.904,3.11,2.983
2008-02-04,3.09,3.07,3.114,3.031,2.995,2.924,3.106,2.989
2008-01-28,3.115,3.09,3.137,3.047,2.955,2.928,3.136,2.964
2008-01-21,3.141,3.126,3.174,3.087,2.991,2.957,3.205,2.976
2008-01-14,3.174,3.17,3.208,3.14,3.043,3.009,3.264,2.997
2008-01-07,3.185,3.185,3.215,3.163,3.133,3.029,3.297,2.999
2007-12-31,3.145,3.128,3.165,3.096,3.064,2.971,3.268,2.97
2007-12-24,3.127,3.071,3.131,3.011,2.95,2.889,3.232,2.976
2007-12-17,3.129,3.08,3.131,3.029,2.977,2.901,3.255,3.015
2007-12-10,3.141,3.094,3.15,3.04,2.929,2.927,3.292,3.056
2007-12-03,3.154,3.136,3.178,3.099,3.028,2.987,3.325,3.1
2007-11-26,3.156,3.153,3.184,3.13,3.09,3.018,3.355,3.108
2007-11-19,3.129,3.147,3.17,3.136,3.101,3.021,3.353,3.113
2007-11-12,3.117,3.14,3.146,3.141,3.158,3.032,3.328,3.108
2007-11-05,3.02,3.036,3.038,3.039,3.069,2.944,3.212,3.018
2007-10-29,2.885,2.897,2.912,2.888,2.898,2.785,3.139,2.92
2007-10-22,2.829,2.853,2.867,2.848,2.821,2.753,3.114,2.891
2007-10-15,2.782,2.798,2.816,2.789,2.769,2.695,3.028,2.84
2007-10-08,2.788,2.813,2.819,2.816,2.788,2.719,2.983,2.845
2007-10-01,2.796,2.833,2.832,2.843,2.814,2.752,2.97,2.854
2007-09-24,2.795,2.834,2.829,2.849,2.892,2.755,2.957,2.86
2007-09-17,2.777,2.8,2.802,2.804,2.889,2.729,2.908,2.87
2007-09-10,2.779,2.796,2.799,2.799,3.007,2.743,2.865,2.88
2007-09-03,2.785,2.776,2.797,2.757,3.002,2.707,2.82,2.865
2007-08-27,2.788,2.764,2.801,2.73,2.869,2.702,2.816,2.85
2007-08-20,2.84,2.798,2.84,2.754,2.901,2.73,2.871,2.885
2007-08-13,2.882,2.818,2.87,2.762,2.799,2.731,2.926,2.924
2007-08-06,2.944,2.888,2.926,2.845,2.857,2.797,3.005,2.989
2007-07-30,2.986,2.936,2.969,2.896,2.877,2.841,3.046,3.028
2007-07-23,3.022,2.988,3.013,2.96,3.011,2.914,3.1,3.082
2007-07-16,3.057,3.036,3.05,3.019,3.197,2.969,3.138,3.137
2007-07-09,3.04,2.985,3.024,2.942,3.072,2.905,3.128,3.111
2007-07-02,3.042,2.987,3.032,2.937,2.984,2.899,3.155,3.144
2007-06-25,3.052,3.007,3.053,2.961,3.0,2.927,3.194,3.186
2007-06-18,3.072,3.037,3.081,2.994,3.015,2.95,3.237,3.229
2007-06-11,3.121,3.082,3.115,3.047,3.105,3.01,3.314,3.273
2007-06-04,3.148,3.127,3.157,3.099,3.256,3.068,3.366,3.308
2007-05-28,3.162,3.157,3.169,3.147,3.35,3.116,3.396,3.324
2007-05-21,3.14,3.155,3.143,3.169,3.353,3.141,3.42,3.312
2007-05-14,3.076,3.04,3.071,3.007,3.2,2.961,3.426,3.239
2007-05-07,3.045,3.016,3.036,2.992,3.106,2.917,3.422,3.138
2007-04-30,2.977,2.974,2.979,2.97,2.957,2.901,3.327,3.003
2007-04-23,2.873,2.893,2.908,2.887,2.808,2.803,3.267,2.889
2007-04-16,2.863,2.896,2.902,2.901,2.838,2.809,3.244,2.845
2007-04-09,2.797,2.812,2.839,2.796,2.776,2.721,3.188,2.761
2007-04-02,2.752,2.727,2.789,2.673,2.643,2.612,3.147,2.66
2007-03-26,2.658,2.629,2.693,2.573,2.548,2.487,3.067,2.58
2007-03-19,2.631,2.603,2.66,2.553,2.516,2.453,3.028,2.533
2007-03-12,2.614,2.588,2.636,2.544,2.517,2.447,2.971,2.457
2007-03-05,2.563,2.546,2.584,2.512,2.496,2.412,2.814,2.396
2007-02-26,2.407,2.394,2.427,2.366,2.4,2.279,2.715,2.289
2007-02-19,2.308,2.301,2.341,2.268,2.316,2.175,2.646,2.229
2007-02-12,2.265,2.248,2.295,2.208,2.256,2.135,2.586,2.184
2007-02-05,2.248,2.224,2.276,2.179,2.174,2.09,2.524,2.167
2007-01-29,2.266,2.224,2.298,2.157,2.115,2.062,2.506,2.166
2007-01-22,2.298,2.262,2.341,2.193,2.025,2.099,2.556,2.203
2007-01-15,2.366,2.321,2.392,2.255,2.11,2.158,2.6,2.243
2007-01-08,2.418,2.377,2.443,2.317,2.242,2.217,2.64,2.277
2007-01-01,2.443,2.403,2.465,2.345,2.295,2.245,2.627,2.289
2006-12-25,2.448,2.408,2.466,2.353,2.304,2.258,2.623,2.291
2006-12-18,2.405,2.375,2.431,2.326,2.303,2.241,2.586,2.285
2006-12-11,2.368,2.36,2.406,2.324,2.254,2.243,2.541,2.29
2006-12-04,2.364,2.351,2.388,2.319,2.291,2.227,2.529,2.29
2006-11-27,2.298,2.287,2.33,2.251,2.237,2.165,2.52,2.278
2006-11-20,2.273,2.268,2.305,2.239,2.24,2.158,2.519,2.284
2006-11-13,2.257,2.259,2.289,2.236,2.249,2.153,2.484,2.298
2006-11-06,2.239,2.23,2.271,2.198,2.219,2.125,2.427,2.318
2006-10-30,2.258,2.246,2.29,2.209,2.226,2.147,2.459,2.354
2006-10-23,2.262,2.239,2.291,2.193,2.179,2.135,2.504,2.398
2006-10-16,2.293,2.268,2.328,2.217,2.161,2.157,2.554,2.461
2006-10-09,2.339,2.303,2.374,2.24,2.184,2.187,2.612,2.538
2006-10-02,2.417,2.365,2.439,2.295,2.201,2.231,2.689,2.633
2006-09-25,2.517,2.445,2.528,2.363,2.24,2.315,2.764,2.74
2006-09-18,2.643,2.59,2.672,2.515,2.351,2.431,2.852,2.839
2006-09-11,2.771,2.716,2.779,2.653,2.48,2.553,2.952,2.928
2006-09-04,2.861,2.815,2.877,2.755,2.628,2.669,3.012,2.987
2006-08-28,2.978,2.92,2.977,2.862,2.791,2.781,3.087,3.031
2006-08-21,3.057,2.993,3.051,2.932,2.889,2.865,3.145,3.053
2006-08-14,3.12,3.068,3.12,3.014,3.0,2.929,3.186,3.063
2006-08-07,3.139,3.091,3.134,3.047,3.083,2.982,3.167,3.038
2006-07-31,3.125,3.071,3.117,3.021,3.016,2.948,3.169,2.98
2006-07-24,3.101,3.06,3.111,3.011,3.023,2.937,3.186,2.948
2006-07-17,3.086,3.034,3.092,2.977,3.015,2.905,3.198,2.934
2006-07-10,3.072,3.016,3.078,2.953,2.998,2.893,3.184,2.929
2006-07-03,3.021,2.978,3.043,2.917,2.943,2.868,3.156,2.92
2006-06-26,3.002,2.91,2.975,2.836,2.851,2.802,3.143,2.875
2006-06-19,3.019,2.927,2.99,2.855,2.807,2.819,3.179,2.888
2006-06-12,3.036,2.954,3.015,2.886,2.86,2.848,3.21,2.894
2006-06-05,3.017,2.928,3.004,2.847,2.846,2.807,3.249,2.87
2006-05-29,2.986,2.913,3.008,2.821,2.79,2.78,3.253,2.875
2006-05-22,3.017,2.946,3.037,2.858,2.786,2.825,3.297,2.878
2006-05-15,3.052,2.987,3.058,2.915,2.896,2.874,3.299,2.883
2006-05-08,2.974,2.964,3.027,2.913,2.814,2.857,3.29,2.867
2006-05-01,2.981,2.995,3.043,2.963,2.856,2.9,3.178,2.834
2006-04-24,2.976,2.997,3.028,2.98,2.899,2.923,3.055,2.749
2006-04-17,2.8,2.854,2.857,2.865,2.787,2.826,2.887,2.602
2006-04-10,2.702,2.743,2.726,2.766,2.684,2.737,2.797,2.522
2006-04-03,2.613,2.634,2.644,2.632,2.606,2.614,2.719,2.46
2006-03-27,2.507,2.549,2.552,2.558,2.501,2.5,2.656,2.435
2006-03-20,2.496,2.55,2.54,2.573,2.532,2.519,2.618,2.435
2006-03-13,2.342,2.387,2.393,2.395,2.415,2.335,2.524,2.344
2006-03-06,2.311,2.341,2.365,2.332,2.41,2.288,2.468,2.317
2006-02-27,2.263,2.29,2.345,2.256,2.288,2.196,2.43,2.278
2006-02-20,2.299,2.31,2.361,2.274,2.196,2.211,2.458,2.261
2006-02-13,2.368,2.376,2.43,2.337,2.219,2.255,2.504,2.278
2006-02-06,2.428,2.429,2.477,2.395,2.31,2.307,2.526,2.287
2006-01-30,2.452,2.447,2.501,2.406,2.344,2.319,2.503,2.279
2006-01-23,2.46,2.449,2.508,2.401,2.313,2.324,2.432,2.261
2006-01-16,2.443,2.434,2.479,2.399,2.293,2.31,2.418,2.24
2006-01-09,2.423,2.424,2.463,2.394,2.362,2.315,2.349,2.24
2006-01-02,2.318,2.318,2.37,2.279,2.292,2.231,2.249,2.163
2005-12-26,2.27,2.275,2.325,2.239,2.224,2.189,2.261,2.153
2005-12-19,2.275,2.279,2.317,2.252,2.247,2.209,2.276,2.158
2005-12-12,2.217,2.235,2.275,2.211,2.208,2.188,2.301,2.144
2005-12-05,2.157,2.18,2.232,2.148,2.149,2.121,2.362,2.153
2005-11-28,2.154,2.207,2.257,2.184,2.083,2.143,2.432,2.221
2005-11-21,2.201,2.261,2.307,2.244,2.116,2.199,2.477,2.291
2005-11-14,2.29,2.351,2.377,2.347,2.21,2.292,2.59,2.387
2005-11-07,2.393,2.453,2.457,2.465,2.262,2.378,2.667,2.506
2005-10-31,2.497,2.562,2.558,2.582,2.357,2.5,2.756,2.629
2005-10-24,2.622,2.693,2.682,2.72,2.483,2.643,2.841,2.746
2005-10-17,2.738,2.823,2.808,2.857,2.627,2.771,2.917,2.826
2005-10-10,2.845,2.94,2.904,2.993,2.793,2.896,2.978,2.886
2005-10-03,2.927,3.016,2.969,3.076,2.932,2.952,2.989,2.93
2005-09-26,2.909,2.906,2.95,2.872,2.75,2.766,2.97,2.897
2005-09-19,2.961,2.914,3.011,2.829,2.708,2.699,2.99,2.915
2005-09-12,3.164,3.111,3.234,3.004,2.922,2.851,3.04,2.988
2005-09-05,3.277,3.252,3.353,3.17,3.067,2.957,3.067,3.016
2005-08-29,2.65,2.646,2.669,2.628,2.633,2.571,2.784,2.622
2005-08-22,2.649,2.654,2.673,2.641,2.635,2.595,2.754,2.585
2005-08-15,2.602,2.599,2.611,2.589,2.56,2.529,2.713,2.481
2005-08-08,2.442,2.402,2.448,2.356,2.357,2.323,2.611,2.359
2005-08-01,2.416,2.352,2.406,2.294,2.248,2.224,2.555,2.322
2005-07-25,2.42,2.358,2.416,2.297,2.227,2.248,2.542,2.328
2005-07-18,2.434,2.369,2.417,2.315,2.296,2.267,2.54,2.338
2005-07-11,2.43,2.363,2.397,2.319,2.344,2.276,2.524,2.317
2005-07-04,2.315,2.265,2.296,2.228,2.223,2.158,2.456,2.256
2005-06-27,2.279,2.25,2.281,2.22,2.229,2.156,2.419,2.226
2005-06-20,2.243,2.207,2.241,2.172,2.152,2.12,2.365,2.2
2005-06-13,2.198,2.177,2.206,2.15,2.11,2.086,2.35,2.201
2005-06-06,2.175,2.16,2.195,2.129,2.078,2.069,2.372,2.198
2005-05-30,2.165,2.146,2.181,2.116,2.03,2.038,2.402,2.208
2005-05-23,2.198,2.17,2.202,2.138,2.058,2.064,2.444,2.242
2005-05-16,2.225,2.202,2.222,2.18,2.1,2.105,2.482,2.269
2005-05-09,2.247,2.233,2.25,2.215,2.105,2.136,2.522,2.29
2005-05-02,2.269,2.262,2.276,2.25,2.185,2.175,2.558,2.308
2005-04-25,2.256,2.255,2.262,2.249,2.194,2.183,2.564,2.296
2005-04-18,2.235,2.257,2.25,2.268,2.178,2.202,2.576,2.3
2005-04-11,2.256,2.285,2.274,2.3,2.276,2.226,2.574,2.3
2005-04-04,2.201,2.236,2.22,2.257,2.226,2.182,2.444,2.203
2005-03-28,2.14,2.171,2.157,2.19,2.167,2.121,2.364,2.173
2005-03-21,2.093,2.12,2.115,2.132,2.147,2.064,2.304,2.114
2005-03-14,2.051,2.067,2.067,2.072,2.084,2.009,2.274,2.082
2005-03-07,2.015,2.003,2.011,1.994,2.039,1.942,2.22,2.022
2005-02-28,1.951,1.941,1.96,1.924,1.948,1.865,2.169,1.949
2005-02-21,1.957,1.939,1.966,1.914,1.902,1.848,2.143,1.926
2005-02-14,1.969,1.949,1.979,1.922,1.896,1.854,2.087,1.894
2005-02-07,1.981,1.964,1.987,1.941,1.926,1.875,2.053,1.891
2005-01-31,1.972,1.963,1.985,1.943,1.942,1.883,2.033,1.867
2005-01-24,1.903,1.912,1.936,1.896,1.877,1.83,1.966,1.833
2005-01-17,1.871,1.886,1.918,1.865,1.833,1.788,1.94,1.819
2005-01-10,1.858,1.86,1.903,1.829,1.802,1.741,1.938,1.819
2005-01-03,1.873,1.858,1.916,1.811,1.749,1.713,1.978,1.843
2004-12-27,1.9,1.88,1.934,1.834,1.734,1.743,2.004,1.863
2004-12-20,1.921,1.899,1.949,1.855,1.758,1.76,2.041,1.893
2004-12-13,1.952,1.933,1.979,1.893,1.759,1.803,2.114,1.92
2004-12-06,1.997,1.976,2.014,1.941,1.862,1.853,2.169,1.96
2004-11-29,2.02,1.994,2.034,1.957,1.914,1.882,2.205,1.98
2004-11-22,2.031,2.001,2.042,1.961,1.901,1.886,2.231,1.99
2004-11-15,2.058,2.025,2.064,1.986,1.906,1.912,2.27,2.011
2004-11-08,2.074,2.047,2.08,2.014,1.954,1.94,2.297,2.035
2004-11-01,2.091,2.066,2.101,2.032,2.014,1.959,2.323,2.046
2004-10-25,2.093,2.066,2.101,2.032,1.997,1.957,2.34,2.048
2004-10-18,2.084,2.057,2.096,2.021,2.019,1.954,2.344,2.034
2004-10-11,2.031,2.015,2.049,1.986,1.978,1.925,2.288,1.99
2004-10-04,1.993,1.972,2.004,1.941,1.923,1.879,2.192,1.96
2004-09-27,1.965,1.948,1.977,1.922,1.936,1.864,2.111,1.934
2004-09-20,1.92,1.9,1.94,1.864,1.877,1.798,2.079,1.917
2004-09-13,1.926,1.891,1.935,1.849,1.832,1.786,2.07,1.917
2004-09-06,1.941,1.9,1.945,1.855,1.822,1.795,2.086,1.927
2004-08-30,1.961,1.909,1.963,1.854,1.838,1.821,2.106,1.937
2004-08-23,1.975,1.922,1.979,1.863,1.892,1.843,2.066,1.94
2004-08-16,1.965,1.914,1.972,1.858,1.889,1.824,2.056,1.93
2004-08-09,1.967,1.92,1.98,1.863,1.875,1.823,2.083,1.941
2004-08-02,1.978,1.934,1.995,1.877,1.873,1.831,2.109,1.948
2004-07-26,1.984,1.96,2.009,1.916,1.875,1.846,2.139,1.96
2004-07-19,2.0,1.971,2.022,1.926,1.92,1.858,2.162,1.967
2004-07-12,2.005,1.961,2.016,1.909,1.895,1.845,2.172,1.947
2004-07-05,2.024,1.958,2.024,1.89,1.832,1.825,2.183,1.944
2004-06-28,2.057,1.989,2.051,1.924,1.846,1.85,2.221,1.966
2004-06-21,2.095,2.012,2.077,1.941,1.842,1.878,2.247,1.988
2004-06-14,2.13,2.048,2.11,1.979,1.911,1.923,2.289,2.023
2004-06-07,2.151,2.074,2.13,2.012,2.003,1.95,2.322,2.048
2004-05-31,2.149,2.088,2.147,2.027,2.027,1.965,2.336,2.057
2004-05-24,2.121,2.081,2.132,2.032,2.077,1.972,2.334,2.059
2004-05-17,2.068,2.027,2.065,1.987,2.03,1.924,2.288,2.03
2004-05-10,1.963,1.939,1.975,1.906,1.938,1.858,2.245,2.009
2004-05-03,1.843,1.846,1.872,1.827,1.848,1.769,2.129,1.935
2004-04-26,1.811,1.813,1.833,1.798,1.802,1.736,2.124,1.916
2004-04-19,1.8,1.806,1.821,1.797,1.806,1.742,2.134,1.901
2004-04-12,1.778,1.79,1.809,1.779,1.765,1.705,2.127,1.848
2004-04-05,1.788,1.792,1.811,1.779,1.758,1.712,2.097,1.832
2004-03-29,1.787,1.779,1.806,1.756,1.744,1.682,2.051,1.82
2004-03-22,1.782,1.769,1.798,1.744,1.712,1.67,2.053,1.79
2004-03-15,1.772,1.752,1.783,1.724,1.675,1.651,2.064,1.77
2004-03-08,1.771,1.754,1.786,1.725,1.713,1.654,2.076,1.752
2004-03-01,1.749,1.725,1.761,1.691,1.702,1.623,2.07,1.684
2004-02-23,1.731,1.705,1.737,1.675,1.68,1.611,1.996,1.647
2004-02-16,1.71,1.688,1.717,1.661,1.652,1.594,1.859,1.632
2004-02-09,1.709,1.684,1.714,1.654,1.649,1.591,1.823,1.616
2004-02-02,1.712,1.683,1.715,1.651,1.609,1.588,1.771,1.61
2004-01-26,1.704,1.678,1.703,1.652,1.647,1.584,1.749,1.612
2004-01-19,1.672,1.655,1.678,1.633,1.609,1.571,1.718,1.584
2004-01-12,1.64,1.621,1.637,1.603,1.573,1.53,1.691,1.567
2004-01-05,1.594,1.562,1.601,1.523,1.529,1.477,1.645,1.536
2003-12-29,1.584,1.543,1.592,1.495,1.469,1.449,1.626,1.542
2003-12-22,1.586,1.542,1.594,1.491,1.486,1.446,1.64,1.55
2003-12-15,1.578,1.53,1.594,1.468,1.442,1.424,1.651,1.526
2003-12-08,1.584,1.535,1.602,1.471,1.453,1.428,1.676,1.54
2003-12-01,1.6,1.548,1.613,1.485,1.463,1.439,1.702,1.558
2003-11-24,1.607,1.556,1.62,1.495,1.515,1.445,1.714,1.577
2003-11-17,1.607,1.552,1.628,1.479,1.479,1.432,1.707,1.586
2003-11-10,1.632,1.56,1.643,1.478,1.491,1.431,1.709,1.599
2003-11-03,1.66,1.581,1.665,1.496,1.548,1.447,1.729,1.618
2003-10-27,1.689,1.595,1.681,1.505,1.539,1.455,1.748,1.631
2003-10-20,1.716,1.614,1.702,1.519,1.59,1.47,1.777,1.615
2003-10-13,1.73,1.621,1.712,1.524,1.555,1.47,1.811,1.618
2003-10-06,1.746,1.635,1.73,1.535,1.532,1.468,1.855,1.645
2003-09-29,1.77,1.657,1.745,1.561,1.518,1.496,1.907,1.678
2003-09-22,1.794,1.685,1.764,1.596,1.598,1.541,1.965,1.723
2003-09-15,1.818,1.715,1.792,1.63,1.685,1.58,2.025,1.764
2003-09-08,1.835,1.739,1.815,1.655,1.676,1.611,2.074,1.784
2003-09-01,1.851,1.759,1.824,1.684,1.725,1.634,2.092,1.792
2003-08-25,1.802,1.738,1.776,1.692,1.751,1.642,2.096,1.754
2003-08-18,1.644,1.625,1.637,1.611,1.624,1.561,1.93,1.693
2003-08-11,1.615,1.587,1.596,1.573,1.594,1.527,1.758,1.666
2003-08-04,1.588,1.552,1.57,1.529,1.567,1.488,1.717,1.625
2003-07-28,1.578,1.549,1.57,1.525,1.51,1.483,1.717,1.615
2003-07-21,1.578,1.552,1.573,1.529,1.525,1.489,1.733,1.585
2003-07-14,1.564,1.542,1.556,1.524,1.522,1.476,1.759,1.564
2003-07-07,1.546,1.498,1.526,1.464,1.477,1.43,1.782,1.562
2003-06-30,1.544,1.495,1.527,1.458,1.47,1.425,1.791,1.56
2003-06-23,1.551,1.505,1.536,1.47,1.478,1.438,1.797,1.561
2003-06-16,1.555,1.514,1.545,1.479,1.545,1.445,1.784,1.556
2003-06-09,1.543,1.492,1.54,1.443,1.533,1.42,1.703,1.52
2003-06-02,1.548,1.487,1.543,1.429,1.476,1.407,1.725,1.524
2003-05-26,1.553,1.492,1.555,1.428,1.499,1.414,1.747,1.537
2003-05-19,1.569,1.5,1.565,1.432,1.503,1.414,1.785,1.549
2003-05-12,1.582,1.509,1.579,1.438,1.443,1.418,1.834,1.553
2003-05-05,1.612,1.539,1.608,1.469,1.434,1.448,1.887,1.574
2003-04-28,1.634,1.567,1.631,1.502,1.504,1.481,1.931,1.596
2003-04-21,1.649,1.585,1.647,1.521,1.512,1.504,1.962,1.614
2003-04-14,1.672,1.61,1.667,1.552,1.503,1.533,2.018,1.638
2003-04-07,1.691,1.635,1.685,1.583,1.544,1.572,2.053,1.67
2003-03-31,1.705,1.658,1.705,1.611,1.553,1.604,2.071,1.689
2003-03-24,1.725,1.687,1.724,1.649,1.627,1.632,2.087,1.713
2003-03-17,1.741,1.709,1.735,1.68,1.713,1.655,2.089,1.721
2003-03-10,1.721,1.691,1.721,1.659,1.722,1.635,2.04,1.709
2003-03-03,1.717,1.677,1.71,1.641,1.695,1.622,1.979,1.688
2003-02-24,1.718,1.675,1.707,1.641,1.653,1.625,1.894,1.668
2003-02-17,1.721,1.678,1.702,1.648,1.695,1.624,1.833,1.661
2003-02-10,1.677,1.645,1.672,1.617,1.638,1.6,1.728,1.6
2003-02-03,1.597,1.564,1.599,1.53,1.555,1.514,1.658,1.526
2003-01-27,1.561,1.514,1.561,1.466,1.489,1.457,1.618,1.482
2003-01-20,1.559,1.51,1.555,1.463,1.469,1.45,1.598,1.454
2003-01-13,1.559,1.509,1.556,1.461,1.472,1.443,1.567,1.453
2003-01-06,1.556,1.509,1.557,1.46,1.449,1.445,1.55,1.451
2002-12-30,1.544,1.496,1.545,1.447,1.481,1.432,1.519,1.429
2002-12-23,1.518,1.458,1.516,1.398,1.422,1.384,1.508,1.421
2002-12-16,1.516,1.424,1.49,1.35,1.352,1.348,1.513,1.413
2002-12-09,1.52,1.428,1.496,1.353,1.322,1.357,1.528,1.432
2002-12-02,1.525,1.438,1.499,1.368,1.307,1.367,1.545,1.451
2002-11-25,1.525,1.446,1.502,1.384,1.338,1.376,1.551,1.464
2002-11-18,1.534,1.461,1.508,1.407,1.394,1.397,1.565,1.483
2002-11-11,1.532,1.477,1.522,1.429,1.461,1.42,1.569,1.496
2002-11-04,1.51,1.475,1.507,1.442,1.499,1.432,1.547,1.503
2002-10-28,1.509,1.478,1.503,1.45,1.495,1.443,1.518,1.507
2002-10-21,1.5,1.481,1.503,1.459,1.532,1.447,1.522,1.507
2002-10-14,1.495,1.463,1.495,1.431,1.503,1.42,1.53,1.508
2002-10-07,1.494,1.464,1.495,1.434,1.495,1.411,1.542,1.501
2002-09-30,1.489,1.445,1.488,1.4,1.44,1.389,1.554,1.482
2002-09-23,1.484,1.426,1.48,1.369,1.406,1.367,1.562,1.477
2002-09-16,1.482,1.422,1.479,1.364,1.427,1.362,1.572,1.481
2002-09-09,1.484,1.417,1.476,1.355,1.414,1.353,1.579,1.486
2002-09-02,1.486,1.419,1.477,1.358,1.403,1.354,1.587,1.488
2002-08-26,1.488,1.42,1.477,1.359,1.432,1.354,1.584,1.494
2002-08-19,1.482,1.417,1.472,1.358,1.405,1.353,1.578,1.492
2002-08-12,1.48,1.422,1.474,1.369,1.399,1.347,1.584,1.499
2002-08-05,1.48,1.423,1.474,1.369,1.398,1.356,1.589,1.506
2002-07-29,1.469,1.42,1.465,1.373,1.444,1.354,1.579,1.507
2002-07-22,1.459,1.42,1.465,1.375,1.448,1.36,1.588,1.499
2002-07-15,1.437,1.392,1.435,1.348,1.437,1.343,1.596,1.442
2002-07-08,1.426,1.39,1.434,1.347,1.402,1.333,1.603,1.446
2002-07-01,1.428,1.391,1.435,1.348,1.431,1.337,1.606,1.444
2002-06-24,1.435,1.394,1.439,1.349,1.401,1.335,1.607,1.431
2002-06-17,1.443,1.392,1.438,1.343,1.394,1.34,1.59,1.409
2002-06-10,1.448,1.402,1.446,1.357,1.386,1.349,1.558,1.418
2002-06-03,1.451,1.408,1.448,1.367,1.428,1.359,1.559,1.426
2002-05-27,1.458,1.414,1.453,1.373,1.409,1.363,1.552,1.431
2002-05-20,1.459,1.418,1.455,1.379,1.437,1.367,1.552,1.42
2002-05-13,1.459,1.422,1.46,1.384,1.396,1.367,1.562,1.423
2002-05-06,1.464,1.429,1.461,1.395,1.399,1.374,1.574,1.432
2002-04-29,1.461,1.429,1.46,1.397,1.384,1.378,1.584,1.438
2002-04-22,1.46,1.434,1.459,1.407,1.41,1.386,1.588,1.429
2002-04-15,1.45,1.433,1.452,1.415,1.408,1.389,1.59,1.432
2002-04-08,1.431,1.422,1.433,1.412,1.455,1.382,1.587,1.423
2002-04-01,1.403,1.381,1.397,1.364,1.403,1.338,1.558,1.407
2002-03-25,1.372,1.346,1.358,1.331,1.376,1.318,1.523,1.356
2002-03-18,1.315,1.288,1.302,1.27,1.336,1.262,1.465,1.287
2002-03-11,1.248,1.215,1.233,1.192,1.261,1.208,1.417,1.211
2002-03-04,1.203,1.151,1.185,1.111,1.184,1.113,1.323,1.159
2002-02-25,1.199,1.145,1.183,1.102,1.117,1.101,1.301,1.157
2002-02-18,1.197,1.144,1.178,1.104,1.125,1.1,1.29,1.142
2002-02-11,1.192,1.143,1.178,1.103,1.113,1.088,1.272,1.145
2002-02-04,1.193,1.139,1.173,1.1,1.147,1.087,1.271,1.15
2002-01-28,1.196,1.14,1.177,1.097,1.104,1.088,1.255,1.159
2002-01-21,1.198,1.146,1.183,1.104,1.116,1.091,1.242,1.168
2002-01-14,1.197,1.158,1.187,1.127,1.124,1.103,1.228,1.162
2002-01-07,1.175,1.14,1.164,1.112,1.172,1.098,1.194,1.135
2001-12-31,1.157,1.12,1.148,1.089,1.166,1.079,1.174,1.129
2001-12-24,1.154,1.104,1.149,1.058,1.116,1.047,1.18,1.129
2001-12-17,1.158,1.1,1.146,1.051,1.062,1.05,1.207,1.14
2001-12-10,1.171,1.113,1.16,1.063,1.127,1.062,1.255,1.168
2001-12-03,1.189,1.122,1.178,1.063,1.124,1.073,1.3,1.198
2001-11-26,1.224,1.144,1.204,1.078,1.122,1.088,1.349,1.238
2001-11-19,1.253,1.173,1.226,1.113,1.178,1.121,1.391,1.277
2001-11-12,1.282,1.198,1.257,1.132,1.165,1.132,1.435,1.317
2001-11-05,1.308,1.224,1.285,1.155,1.175,1.161,1.476,1.366
2001-10-29,1.345,1.255,1.314,1.187,1.188,1.195,1.516,1.415
2001-10-22,1.38,1.287,1.348,1.217,1.212,1.223,1.549,1.461
2001-10-15,1.416,1.325,1.377,1.262,1.259,1.28,1.588,1.508
2001-10-08,1.435,1.362,1.413,1.304,1.319,1.314,1.622,1.538
2001-10-01,1.464,1.407,1.449,1.36,1.428,1.361,1.658,1.568
2001-09-24,1.489,1.449,1.482,1.413,1.557,1.413,1.693,1.598
2001-09-17,1.493,1.465,1.497,1.434,1.659,1.438,1.706,1.615
2001-09-10,1.489,1.455,1.5,1.412,1.676,1.425,1.699,1.615
2001-09-03,1.492,1.457,1.5,1.416,1.753,1.421,1.665,1.607
2001-08-27,1.489,1.429,1.497,1.361,1.689,1.371,1.565,1.533
2001-08-20,1.498,1.43,1.501,1.358,1.523,1.352,1.548,1.472
2001-08-13,1.503,1.42,1.506,1.333,1.427,1.321,1.572,1.437
2001-08-06,1.517,1.413,1.513,1.31,1.37,1.308,1.608,1.44
2001-07-30,1.54,1.424,1.538,1.308,1.358,1.308,1.649,1.47
2001-07-23,1.579,1.447,1.566,1.323,1.338,1.315,1.692,1.504
2001-07-16,1.62,1.475,1.596,1.345,1.329,1.335,1.736,1.543
2001-07-09,1.659,1.511,1.627,1.385,1.325,1.368,1.776,1.584
2001-07-02,1.692,1.546,1.651,1.43,1.352,1.434,1.806,1.621
2001-06-25,1.731,1.596,1.688,1.491,1.453,1.495,1.84,1.657
2001-06-18,1.757,1.629,1.718,1.529,1.578,1.541,1.862,1.692
2001-06-11,1.781,1.655,1.74,1.558,1.677,1.566,1.876,1.707
2001-06-04,1.79,1.658,1.749,1.585,1.767,1.601,1.846,1.716
2001-05-28,1.791,1.671,1.758,1.602,1.815,1.62,1.855,1.714
2001-05-21,1.761,1.663,1.738,1.605,1.782,1.616,1.849,1.701
2001-05-14,1.756,1.67,1.74,1.617,1.84,1.629,1.846,1.697
2001-05-07,1.712,1.659,1.713,1.621,1.834,1.623,1.831,1.684
2001-04-30,1.668,1.623,1.677,1.586,1.693,1.592,1.784,1.633
2001-04-23,1.621,1.609,1.632,1.595,1.704,1.589,1.756,1.589
2001-04-16,1.566,1.571,1.574,1.571,1.623,1.57,1.737,1.546
2001-04-09,1.511,1.495,1.51,1.484,1.553,1.459,1.709,1.525
2001-04-02,1.478,1.435,1.471,1.409,1.481,1.4,1.685,1.497
2001-03-26,1.477,1.421,1.46,1.391,1.411,1.372,1.666,1.474
2001-03-19,1.487,1.424,1.473,1.386,1.401,1.381,1.675,1.468
2001-03-12,1.51,1.438,1.482,1.402,1.406,1.388,1.678,1.476
2001-03-05,1.515,1.455,1.489,1.425,1.399,1.405,1.675,1.461
2001-02-26,1.525,1.472,1.506,1.444,1.423,1.418,1.654,1.469
2001-02-19,1.532,1.482,1.515,1.455,1.456,1.442,1.651,1.474
2001-02-12,1.534,1.492,1.521,1.469,1.524,1.448,1.632,1.48
2001-02-05,1.532,1.48,1.516,1.452,1.463,1.436,1.598,1.48
2001-01-29,1.54,1.493,1.52,1.471,1.5,1.451,1.582,1.462
2001-01-22,1.544,1.497,1.525,1.473,1.52,1.457,1.597,1.462
2001-01-15,1.548,1.486,1.523,1.456,1.537,1.438,1.613,1.464
2001-01-08,1.545,1.44,1.514,1.382,1.461,1.376,1.635,1.47
2001-01-01,1.557,1.438,1.524,1.371,1.41,1.363,1.644,1.473
2000-12-25,1.566,1.442,1.531,1.372,1.414,1.371,1.664,1.493
2000-12-18,1.576,1.469,1.552,1.406,1.403,1.38,1.679,1.517
2000-12-11,1.59,1.492,1.57,1.433,1.429,1.417,1.706,1.553
2000-12-04,1.607,1.513,1.584,1.457,1.487,1.443,1.732,1.593
2000-11-27,1.617,1.526,1.593,1.474,1.526,1.458,1.749,1.611
2000-11-20,1.616,1.527,1.595,1.474,1.523,1.457,1.758,1.629
2000-11-13,1.619,1.534,1.6,1.483,1.539,1.466,1.776,1.643
2000-11-06,1.623,1.537,1.607,1.485,1.535,1.471,1.789,1.659
2000-10-30,1.617,1.544,1.609,1.497,1.573,1.482,1.795,1.671
2000-10-23,1.62,1.544,1.603,1.498,1.59,1.481,1.796,1.653
2000-10-16,1.618,1.545,1.606,1.5,1.553,1.487,1.805,1.64
2000-10-09,1.628,1.532,1.596,1.481,1.466,1.465,1.816,1.639
2000-10-02,1.636,1.551,1.61,1.505,1.498,1.489,1.82,1.65
2000-09-25,1.645,1.564,1.625,1.517,1.543,1.51,1.818,1.66
2000-09-18,1.645,1.566,1.625,1.521,1.58,1.508,1.818,1.658
2000-09-11,1.642,1.562,1.627,1.514,1.583,1.503,1.825,1.626
2000-09-04,1.623,1.535,1.603,1.483,1.557,1.474,1.781,1.592
2000-08-28,1.623,1.523,1.599,1.465,1.46,1.465,1.718,1.591
2000-08-21,1.624,1.521,1.601,1.461,1.439,1.462,1.689,1.582
2000-08-14,1.633,1.522,1.608,1.457,1.382,1.463,1.687,1.587
2000-08-07,1.64,1.539,1.625,1.477,1.404,1.474,1.685,1.601
2000-07-31,1.65,1.56,1.64,1.502,1.392,1.507,1.696,1.617
2000-07-24,1.665,1.593,1.664,1.543,1.476,1.537,1.716,1.631
2000-07-17,1.675,1.609,1.677,1.561,1.518,1.556,1.722,1.65
2000-07-10,1.682,1.625,1.684,1.583,1.62,1.575,1.726,1.661
2000-07-03,1.699,1.632,1.687,1.591,1.708,1.577,1.707,1.642
2000-06-26,1.691,1.629,1.675,1.593,1.822,1.569,1.653,1.644
2000-06-19,1.677,1.621,1.662,1.589,1.902,1.561,1.632,1.625
2000-06-12,1.653,1.581,1.626,1.544,1.826,1.519,1.631,1.584
2000-06-05,1.622,1.55,1.597,1.512,1.676,1.509,1.631,1.561
2000-05-29,1.597,1.544,1.573,1.507,1.631,1.493,1.645,1.548
2000-05-22,1.578,1.539,1.562,1.512,1.585,1.5,1.652,1.545
2000-05-15,1.539,1.502,1.528,1.482,1.533,1.485,1.65,1.526
2000-05-08,1.519,1.473,1.513,1.443,1.471,1.443,1.67,1.506
2000-05-01,1.518,1.454,1.509,1.413,1.389,1.425,1.685,1.519
2000-04-24,1.527,1.466,1.52,1.427,1.413,1.434,1.706,1.54
2000-04-17,1.537,1.486,1.531,1.453,1.396,1.454,1.731,1.558
2000-04-10,1.556,1.511,1.554,1.479,1.439,1.479,1.752,1.576
2000-04-03,1.569,1.531,1.569,1.504,1.482,1.499,1.769,1.586
2000-03-27,1.588,1.544,1.578,1.518,1.477,1.511,1.779,1.589
2000-03-20,1.596,1.559,1.585,1.539,1.517,1.523,1.776,1.584
2000-03-13,1.585,1.556,1.58,1.537,1.544,1.514,1.715,1.549
2000-03-06,1.538,1.512,1.532,1.497,1.555,1.49,1.629,1.495
2000-02-28,1.457,1.432,1.444,1.421,1.482,1.4,1.537,1.425
2000-02-21,1.447,1.417,1.433,1.402,1.487,1.383,1.472,1.402
2000-02-14,1.42,1.382,1.403,1.365,1.412,1.348,1.435,1.374
2000-02-07,1.408,1.359,1.392,1.333,1.366,1.318,1.424,1.358
2000-01-31,1.404,1.348,1.386,1.318,1.358,1.305,1.421,1.358
2000-01-24,1.403,1.342,1.381,1.311,1.379,1.296,1.393,1.324
2000-01-17,1.38,1.316,1.358,1.281,1.314,1.265,1.389,1.324
2000-01-10,1.384,1.315,1.358,1.279,1.274,1.265,1.395,1.332
2000-01-03,1.384,1.314,1.366,1.274,1.291,1.271,1.399,1.343
1999-12-27,1.381,1.315,1.365,1.276,1.295,1.271,1.401,1.347
1999-12-20,1.378,1.315,1.363,1.279,1.28,1.271,1.404,1.354
1999-12-13,1.376,1.316,1.363,1.28,1.29,1.273,1.413,1.363
1999-12-06,1.375,1.317,1.363,1.281,1.281,1.276,1.418,1.361
1999-11-29,1.372,1.317,1.362,1.283,1.291,1.274,1.407,1.349
1999-11-22,1.36,1.299,1.342,1.264,1.302,1.254,1.4,1.351
1999-11-15,1.353,1.279,1.332,1.238,1.282,1.241,1.386,1.359
1999-11-08,1.351,1.271,1.33,1.226,1.244,1.231,1.378,1.36
1999-11-01,1.355,1.276,1.334,1.23,1.227,1.235,1.387,1.369
1999-10-25,1.357,1.279,1.339,1.233,1.232,1.24,1.402,1.38
1999-10-18,1.36,1.283,1.344,1.237,1.218,1.247,1.415,1.391
1999-10-11,1.36,1.289,1.347,1.246,1.246,1.25,1.421,1.392
1999-10-04,1.356,1.287,1.346,1.244,1.265,1.253,1.415,1.398
1999-09-27,1.336,1.281,1.334,1.243,1.284,1.252,1.424,1.402
1999-09-20,1.33,1.276,1.324,1.241,1.3,1.241,1.447,1.407
1999-09-13,1.316,1.26,1.306,1.225,1.264,1.224,1.467,1.406
1999-09-06,1.309,1.242,1.295,1.202,1.259,1.212,1.478,1.404
1999-08-30,1.298,1.238,1.289,1.2,1.229,1.21,1.502,1.401
1999-08-23,1.296,1.234,1.283,1.197,1.234,1.202,1.514,1.399
1999-08-16,1.288,1.225,1.275,1.188,1.25,1.194,1.522,1.377
1999-08-09,1.266,1.208,1.257,1.172,1.192,1.177,1.52,1.354
1999-08-02,1.25,1.192,1.237,1.157,1.196,1.162,1.495,1.324
1999-07-26,1.232,1.182,1.224,1.151,1.207,1.156,1.48,1.313
1999-07-19,1.213,1.168,1.21,1.137,1.171,1.14,1.461,1.274
1999-07-12,1.198,1.148,1.19,1.117,1.149,1.118,1.402,1.246
1999-07-05,1.175,1.129,1.167,1.101,1.139,1.101,1.366,1.248
1999-06-28,1.164,1.117,1.163,1.085,1.119,1.09,1.372,1.246
1999-06-21,1.166,1.117,1.161,1.086,1.145,1.097,1.373,1.238
1999-06-14,1.166,1.113,1.16,1.078,1.114,1.096,1.359,1.235
1999-06-07,1.166,1.115,1.16,1.083,1.118,1.098,1.365,1.239
1999-05-31,1.167,1.119,1.163,1.087,1.102,1.102,1.387,1.246
1999-05-24,1.168,1.125,1.167,1.094,1.122,1.101,1.426,1.258
1999-05-17,1.171,1.127,1.168,1.098,1.145,1.1,1.469,1.261
1999-05-10,1.168,1.128,1.167,1.1,1.136,1.098,1.491,1.264
1999-05-03,1.16,1.118,1.153,1.092,1.128,1.094,1.515,1.242
1999-04-26,1.156,1.11,1.146,1.082,1.115,1.094,1.537,1.237
1999-04-19,1.146,1.105,1.14,1.079,1.124,1.087,1.557,1.237
1999-04-12,1.138,1.1,1.126,1.079,1.139,1.081,1.575,1.23
1999-04-05,1.113,1.078,1.1,1.06,1.122,1.068,1.531,1.206
1999-03-29,1.076,1.047,1.069,1.03,1.109,1.039,1.411,1.159
1999-03-22,1.046,1.012,1.033,0.994,1.057,0.992,1.231,1.077
1999-03-15,1.018,0.978,1.004,0.956,1.009,0.956,1.193,1.049
1999-03-08,0.993,0.939,0.977,0.909,0.923,0.92,1.162,1.006
1999-03-01,0.993,0.938,0.977,0.907,0.914,0.921,1.124,1.001
1999-02-22,0.999,0.943,0.981,0.913,0.892,0.926,1.12,1.001
1999-02-15,1.01,0.948,0.99,0.915,0.919,0.932,1.116,0.999
1999-02-08,1.016,0.956,0.997,0.923,0.933,0.935,1.12,0.995
1999-02-01,1.019,0.96,1.005,0.925,0.933,0.934,1.127,1.002
1999-01-25,1.029,0.968,1.013,0.932,0.941,0.939,1.136,0.998
1999-01-18,1.037,0.972,1.019,0.935,0.952,0.945,1.141,1.004
1999-01-11,1.037,0.971,1.018,0.934,0.946,0.94,1.146,0.993
1999-01-04,1.042,0.974,1.02,0.938,0.927,0.939,1.151,0.994
1998-12-28,1.043,0.976,1.025,0.938,0.93,0.94,1.154,0.999
1998-12-21,1.049,0.982,1.03,0.945,0.939,0.944,1.157,1.012
1998-12-14,1.054,0.987,1.035,0.95,0.932,0.948,1.159,1.042
1998-12-07,1.059,0.998,1.046,0.962,0.935,0.96,1.166,1.079
1998-11-30,1.067,1.013,1.059,0.979,0.965,0.971,1.175,1.107
1998-11-23,1.071,1.022,1.067,0.989,0.991,0.981,1.179,1.125
1998-11-16,1.075,1.031,1.079,0.998,1.0,0.991,1.169,1.141
1998-11-09,1.079,1.038,1.082,1.006,1.026,0.998,1.169,1.12
1998-11-02,1.08,1.04,1.083,1.01,1.025,1.002,1.172,1.128
1998-10-26,1.084,1.041,1.088,1.009,1.032,1.007,1.175,1.136
1998-10-19,1.086,1.044,1.088,1.013,1.038,1.014,1.174,1.138
1998-10-12,1.088,1.046,1.091,1.014,1.045,1.015,1.178,1.148
1998-10-05,1.081,1.034,1.084,1.0,1.05,1.003,1.182,1.13
1998-09-28,1.076,1.029,1.079,0.994,1.041,0.995,1.187,1.135
1998-09-21,1.067,1.023,1.075,0.987,1.047,0.989,1.189,1.149
1998-09-14,1.072,1.024,1.077,0.988,1.02,0.989,1.171,1.152
1998-09-07,1.072,1.028,1.08,0.994,1.027,0.989,1.179,1.136
1998-08-31,1.079,1.034,1.083,0.999,1.032,0.999,1.184,1.151
1998-08-24,1.084,1.038,1.088,1.003,1.035,1.01,1.192,1.161
1998-08-17,1.09,1.042,1.094,1.006,1.048,1.012,1.196,1.166
1998-08-10,1.092,1.048,1.1,1.012,1.06,1.017,1.199,1.146
1998-08-03,1.094,1.052,1.102,1.017,1.068,1.022,1.203,1.152
1998-07-27,1.101,1.058,1.106,1.024,1.086,1.03,1.211,1.163
1998-07-20,1.104,1.063,1.11,1.031,1.102,1.036,1.214,1.166
1998-07-13,1.104,1.066,1.112,1.035,1.087,1.033,1.216,1.164
1998-07-06,1.112,1.064,1.111,1.03,1.1,1.035,1.219,1.163
1998-06-29,1.122,1.068,1.116,1.033,1.09,1.036,1.223,1.172
1998-06-22,1.122,1.069,1.117,1.034,1.085,1.041,1.227,1.194
1998-06-15,1.125,1.071,1.119,1.036,1.099,1.046,1.233,1.2
1998-06-08,1.125,1.076,1.122,1.043,1.119,1.042,1.235,1.213
1998-06-01,1.123,1.075,1.12,1.043,1.096,1.043,1.244,1.16
1998-05-25,1.125,1.076,1.12,1.044,1.105,1.042,1.251,1.167
1998-05-18,1.119,1.074,1.117,1.043,1.11,1.045,1.248,1.172
1998-05-11,1.134,1.086,1.114,1.063,1.103,1.065,1.244,1.147
1998-05-04,1.126,1.077,1.106,1.054,1.085,1.057,1.228,1.111
1998-04-27,1.123,1.076,1.104,1.053,1.078,1.058,1.179,1.101
1998-04-20,1.126,1.071,1.1,1.046,1.058,1.052,1.164,1.105
1998-04-13,1.13,1.074,1.101,1.049,1.045,1.058,1.165,1.098
1998-04-06,1.134,1.075,1.102,1.05,1.057,1.061,1.146,1.077
1998-03-30,1.127,1.072,1.103,1.046,1.069,1.056,1.141,1.087
1998-03-23,1.114,1.052,1.08,1.025,1.026,1.038,1.12,1.034
1998-03-16,1.131,1.062,1.088,1.036,1.03,1.049,1.126,1.058
1998-03-09,1.148,1.076,1.102,1.05,1.036,1.061,1.131,1.075
1998-03-02,1.165,1.085,1.114,1.055,1.044,1.064,1.157,1.096
1998-02-23,1.178,1.093,1.127,1.059,1.062,1.069,1.19,1.14
1998-02-16,1.186,1.1,1.138,1.064,1.035,1.08,1.214,1.096
1998-02-09,1.2,1.112,1.15,1.076,1.048,1.092,1.236,1.143
1998-02-02,1.211,1.119,1.159,1.08,1.048,1.094,1.26,1.191
1998-01-26,1.219,1.129,1.173,1.089,1.033,1.112,1.28,1.222
1998-01-19,1.227,1.141,1.187,1.101,1.057,1.118,1.296,1.248
1998-01-12,1.24,1.153,1.201,1.112,1.071,1.128,1.318,1.223
1998-01-05,1.253,1.163,1.213,1.12,1.072,1.135,1.333,1.245
1997-12-29,1.258,1.168,1.219,1.125,1.086,1.14,1.34,1.267
1997-12-22,1.262,1.175,1.225,1.134,1.099,1.143,1.347,1.29
1997-12-15,1.274,1.184,1.233,1.143,1.108,1.155,1.357,1.312
1997-12-08,1.285,1.194,1.243,1.153,1.121,1.164,1.367,1.309
1997-12-01,1.295,1.203,1.252,1.163,1.14,1.172,1.381,1.265
1997-11-24,1.305,1.209,1.259,1.167,1.156,1.174,1.39,1.285
1997-11-17,1.31,1.217,1.268,1.174,1.155,1.181,1.401,1.316
1997-11-10,1.318,1.225,1.276,1.182,1.167,1.184,1.411,1.331
1997-11-03,1.326,1.231,1.283,1.186,1.157,1.189,1.421,1.286
1997-10-27,1.334,1.239,1.294,1.193,1.161,1.197,1.431,1.303
1997-10-20,1.343,1.247,1.304,1.2,1.173,1.209,1.438,1.317
1997-10-13,1.351,1.254,1.314,1.206,1.186,1.213,1.443,1.335
1997-10-06,1.354,1.259,1.32,1.21,1.201,1.218,1.453,1.287
1997-09-29,1.36,1.267,1.328,1.219,1.193,1.223,1.454,1.29
1997-09-22,1.369,1.278,1.339,1.23,1.215,1.233,1.458,1.304
1997-09-15,1.381,1.286,1.345,1.237,1.236,1.237,1.458,1.327
1997-09-08,1.387,1.291,1.35,1.242,1.252,1.238,1.444,1.35
1997-09-01,1.387,1.289,1.349,1.242,1.262,1.241,1.426,1.31
1997-08-25,1.381,1.286,1.342,1.239,1.271,1.241,1.407,1.326
1997-08-18,1.349,1.268,1.314,1.229,1.26,1.233,1.377,1.327
1997-08-11,1.332,1.26,1.302,1.225,1.273,1.232,1.35,1.3
1997-08-04,1.306,1.231,1.276,1.193,1.228,1.202,1.313,1.297
1997-07-28,1.279,1.213,1.258,1.178,1.196,1.193,1.298,1.273
1997-07-21,1.277,1.213,1.259,1.178,1.209,1.192,1.307,1.296
1997-07-14,1.277,1.215,1.26,1.18,1.192,1.191,1.315,1.319
1997-07-07,1.284,1.218,1.265,1.181,1.198,1.198,1.321,1.295
1997-06-30,1.292,1.222,1.269,1.185,1.198,1.201,1.328,1.307
1997-06-23,1.298,1.229,1.275,1.193,1.211,1.204,1.344,1.251
1997-06-16,1.305,1.234,1.28,1.197,1.225,1.215,1.355,1.273
1997-06-09,1.309,1.238,1.283,1.202,1.24,1.219,1.362,1.299
1997-06-02,1.31,1.241,1.282,1.208,1.25,1.22,1.372,1.324
1997-05-26,1.306,1.239,1.278,1.206,1.247,1.221,1.378,1.276
1997-05-19,1.298,1.237,1.275,1.207,1.228,1.208,1.386,1.298
1997-05-12,1.298,1.234,1.271,1.203,1.199,1.208,1.396,1.317
1997-05-05,1.301,1.238,1.275,1.208,1.195,1.215,1.4,1.266
1997-04-28,1.309,1.239,1.265,1.214,1.194,1.218,1.407,1.29
1997-04-21,1.316,1.245,1.27,1.221,1.194,1.223,1.412,1.318
1997-04-14,1.324,1.253,1.279,1.227,1.185,1.228,1.413,1.299
1997-04-07,1.33,1.258,1.286,1.23,1.19,1.234,1.407,1.309
1997-03-31,1.334,1.261,1.29,1.232,1.193,1.235,1.391,1.258
1997-03-24,1.338,1.263,1.295,1.234,1.203,1.236,1.373,1.276
1997-03-17,1.34,1.267,1.304,1.236,1.188,1.236,1.367,1.302
1997-03-10,1.349,1.276,1.313,1.243,1.202,1.242,1.362,1.286
1997-03-03,1.359,1.282,1.322,1.247,1.216,1.248,1.352,1.304
1997-02-24,1.369,1.289,1.332,1.252,1.232,1.256,1.353,1.283
1997-02-17,1.379,1.295,1.341,1.256,1.232,1.266,1.347,1.291
1997-02-10,1.385,1.3,1.345,1.261,1.246,1.264,1.345,1.304
1997-02-03,1.386,1.302,1.349,1.262,1.26,1.26,1.333,1.284
1997-01-27,1.387,1.303,1.354,1.262,1.265,1.259,1.321,1.304
1997-01-20,1.39,1.307,1.356,1.266,1.273,1.264,1.316,1.292
1997-01-13,1.392,1.308,1.36,1.265,1.275,1.263,1.302,1.304
1997-01-06,1.394,1.303,1.355,1.26,1.245,1.264,1.282,1.277
1996-12-30,1.393,1.303,1.357,1.259,1.253,1.265,1.27,1.286
1996-12-23,1.392,1.305,1.357,1.262,1.26,1.267,1.265,1.305
1996-12-16,1.389,1.305,1.357,1.264,1.271,1.268,1.262,1.324
1996-12-09,1.384,1.304,1.351,1.266,1.288,1.27,1.261,1.287
1996-12-02,1.37,1.299,1.343,1.263,1.292,1.268,1.265,1.305
1996-11-25,1.36,1.294,1.335,1.262,1.296,1.27,1.268,1.32
1996-11-18,1.351,1.287,1.322,1.258,1.284,1.262,1.274,1.338
1996-11-11,1.339,1.273,1.307,1.244,1.274,1.252,1.281,1.305
1996-11-04,1.338,1.27,1.303,1.241,1.264,1.244,1.3,1.31
1996-10-28,1.326,1.257,1.288,1.23,1.252,1.231,1.313,1.321
1996-10-21,1.32,1.25,1.281,1.221,1.227,1.233,1.329,1.293
1996-10-14,1.317,1.243,1.278,1.212,1.228,1.224,1.34,1.304
1996-10-07,1.315,1.236,1.275,1.203,1.205,1.22,1.35,1.321
1996-09-30,1.314,1.239,1.277,1.206,1.218,1.226,1.359,1.293
1996-09-23,1.316,1.24,1.277,1.208,1.226,1.228,1.369,1.308
1996-09-16,1.313,1.241,1.277,1.21,1.224,1.224,1.372,1.328
1996-09-09,1.312,1.24,1.274,1.21,1.221,1.22,1.372,1.293
1996-09-02,1.312,1.238,1.276,1.205,1.204,1.217,1.383,1.309
1996-08-26,1.315,1.242,1.278,1.21,1.218,1.22,1.414,1.324
1996-08-19,1.313,1.245,1.283,1.213,1.208,1.225,1.409,1.298
1996-08-12,1.317,1.249,1.288,1.217,1.192,1.229,1.424,1.323
1996-08-05,1.321,1.254,1.293,1.223,1.198,1.235,1.437,1.284
1996-07-29,1.329,1.261,1.301,1.228,1.213,1.242,1.451,1.295
1996-07-22,1.336,1.265,1.308,1.231,1.228,1.243,1.463,1.315
1996-07-15,1.338,1.269,1.312,1.235,1.225,1.247,1.473,1.28
1996-07-08,1.345,1.273,1.318,1.236,1.222,1.253,1.481,1.309
1996-07-01,1.348,1.278,1.324,1.242,1.218,1.258,1.488,1.323
1996-06-24,1.358,1.287,1.332,1.251,1.233,1.267,1.5,1.319
1996-06-17,1.364,1.294,1.337,1.26,1.247,1.284,1.51,1.347
1996-06-10,1.375,1.304,1.345,1.27,1.251,1.291,1.521,1.309
1996-06-03,1.381,1.311,1.353,1.277,1.256,1.296,1.53,1.333
1996-05-27,1.382,1.313,1.352,1.28,1.267,1.297,1.535,1.362
1996-05-20,1.386,1.316,1.356,1.283,1.284,1.306,1.54,1.376
1996-05-13,1.383,1.315,1.354,1.283,1.266,1.308,1.544,1.341
1996-05-06,1.378,1.312,1.349,1.282,1.26,1.308,1.541,1.359
1996-04-29,1.359,1.302,1.332,1.277,1.27,1.306,1.525,1.354
1996-04-22,1.337,1.292,1.316,1.271,1.258,1.302,1.476,1.279
1996-04-15,1.324,1.276,1.298,1.257,1.268,1.282,1.394,1.274
1996-04-08,1.281,1.232,1.258,1.21,1.232,1.241,1.351,1.268
1996-04-01,1.262,1.211,1.243,1.186,1.209,1.214,1.319,1.214
1996-03-25,1.246,1.192,1.224,1.165,1.202,1.198,1.297,1.22
1996-03-18,1.231,1.169,1.208,1.138,1.167,1.173,1.282,1.162
1996-03-11,1.23,1.163,1.206,1.129,1.151,1.162,1.267,1.185
1996-03-04,1.23,1.158,1.203,1.123,1.16,1.155,1.246,1.203
1996-02-26,1.224,1.144,1.194,1.105,1.144,1.132,1.237,1.159
1996-02-19,1.223,1.134,1.19,1.09,1.103,1.12,1.229,1.181
1996-02-12,1.225,1.135,1.192,1.089,1.092,1.12,1.224,1.123
1996-02-05,1.229,1.139,1.196,1.093,1.094,1.122,1.221,1.153
1996-01-29,1.234,1.141,1.2,1.095,1.094,1.129,1.224,1.169
1996-01-22,1.236,1.145,1.202,1.099,1.107,1.132,1.229,1.132
1996-01-15,1.239,1.146,1.202,1.1,1.122,1.134,1.227,1.159
1996-01-08,1.235,1.135,1.199,1.084,1.124,1.116,1.222,1.169
1996-01-01,1.234,1.132,1.198,1.079,1.104,1.11,1.222,1.15
1995-12-25,1.222,1.126,1.194,1.075,1.103,1.109,1.223,1.164
1995-12-18,1.22,1.122,1.186,1.071,1.103,1.1,1.219,1.165
1995-12-11,1.213,1.118,1.181,1.069,1.066,1.099,1.217,1.184
1995-12-04,1.21,1.118,1.177,1.07,1.068,1.093,1.217,1.165
1995-11-27,1.204,1.117,1.172,1.072,1.061,1.092,1.22,1.186
1995-11-20,1.209,1.118,1.173,1.074,1.056,1.092,1.224,1.2
1995-11-13,1.217,1.125,1.178,1.082,1.059,1.096,1.23,1.156
1995-11-06,1.226,1.131,1.184,1.087,1.056,1.099,1.232,1.173
1995-10-30,1.236,1.14,1.192,1.096,1.049,1.108,1.237,1.193
1995-10-23,1.247,1.149,1.203,1.105,1.066,1.117,1.242,1.155
1995-10-16,1.256,1.159,1.213,1.114,1.076,1.124,1.243,1.169
1995-10-09,1.261,1.167,1.221,1.123,1.092,1.131,1.242,1.197
1995-10-02,1.266,1.172,1.227,1.127,1.106,1.132,1.241,1.218
1995-09-25,1.267,1.178,1.234,1.133,1.114,1.143,1.233,1.192
1995-09-18,1.271,1.18,1.234,1.136,1.112,1.145,1.235,1.201
1995-09-11,1.274,1.185,1.239,1.142,1.109,1.149,1.236,1.205
1995-09-04,1.275,1.188,1.243,1.144,1.112,1.154,1.243,1.168
1995-08-28,1.278,1.197,1.248,1.154,1.11,1.162,1.244,1.174
1995-08-21,1.281,1.201,1.25,1.16,1.122,1.168,1.245,1.191
1995-08-14,1.285,1.205,1.258,1.163,1.117,1.174,1.248,1.2
1995-08-07,1.291,1.213,1.264,1.171,1.116,1.179,1.253,1.171
1995-07-31,1.296,1.218,1.271,1.175,1.114,1.19,1.259,1.19
1995-07-24,1.302,1.229,1.278,1.189,1.129,1.202,1.268,1.207
1995-07-17,1.308,1.238,1.285,1.2,1.142,1.214,1.273,1.186
1995-07-10,1.31,1.244,1.291,1.208,1.157,1.227,1.281,1.198
1995-07-03,1.313,1.249,1.296,1.213,1.174,1.235,1.285,1.219
1995-06-26,1.313,1.256,1.3,1.224,1.185,1.243,1.286,1.207
1995-06-19,1.315,1.26,1.301,1.23,1.197,1.246,1.291,1.213
1995-06-12,1.315,1.263,1.302,1.233,1.21,1.249,1.292,1.226
1995-06-05,1.314,1.264,1.302,1.236,1.217,1.253,1.295,1.208
1995-05-29,1.311,1.262,1.3,1.233,1.217,1.254,1.295,1.218
1995-05-22,1.292,1.252,1.286,1.227,1.224,1.247,1.292,1.214
1995-05-15,1.276,1.234,1.27,1.208,1.197,1.231,1.287,1.227
1995-05-08,1.261,1.224,1.256,1.2,1.191,1.221,1.28,1.183
1995-05-01,1.243,1.2,1.233,1.175,1.158,1.208,1.269,1.203
1995-04-24,1.228,1.187,1.216,1.164,1.16,1.192,1.258,1.161
1995-04-17,1.209,1.16,1.196,1.132,1.137,1.168,1.245,1.179
1995-04-10,1.202,1.143,1.185,1.11,1.122,1.149,1.241,1.186
1995-04-03,1.2,1.132,1.181,1.095,1.104,1.132,1.226,1.152
1995-03-27,1.198,1.128,1.18,1.088,1.08,1.121,1.223,1.166
1995-03-20,1.203,1.129,1.183,1.088,1.064,1.12,1.229,1.12
1995-03-13,1.207,1.133,1.188,1.092,1.057,1.129,1.23,1.136
1995-03-06,1.212,1.137,1.191,1.096,1.068,1.133,1.237,1.156
1995-02-27,1.216,1.137,1.193,1.095,1.068,1.132,1.24,1.117
1995-02-20,1.216,1.138,1.198,1.094,1.049,1.129,1.243,1.133
1995-02-13,1.218,1.141,1.201,1.097,1.058,1.133,1.245,1.152
1995-02-06,1.219,1.145,1.205,1.101,1.062,1.139,1.248,1.126
1995-01-30,1.219,1.148,1.209,1.104,1.072,1.142,1.253,1.145
1995-01-23,1.222,1.15,1.214,1.104,1.071,1.138,1.258,1.167
1995-01-16,1.22,1.15,1.218,1.104,1.051,1.143,1.264,1.136
1995-01-09,1.225,1.155,1.226,1.106,1.066,1.146,1.268,1.159
1995-01-02,1.227,1.156,1.228,1.107,1.045,1.146,1.268,1.176
1994-12-26,1.23,1.163,1.233,1.115,1.041,1.146,1.261,1.153
1994-12-19,1.237,1.169,1.235,1.122,1.053,1.159,1.26,1.175
1994-12-12,1.225,1.158,1.223,1.114,1.054,1.147,1.257,1.191
1994-12-05,1.21,1.147,1.211,1.105,1.061,1.135,1.249,1.184
1994-11-28,1.177,1.129,1.187,1.095,1.064,1.116,1.238,1.163
1994-11-21,1.161,1.116,1.175,1.083,1.072,1.1,1.229,1.186
1994-11-14,1.161,1.121,1.177,1.088,1.087,1.105,1.233,1.209
1994-11-07,1.159,1.122,1.174,1.091,1.092,1.111,1.228,1.174
1994-10-31,1.148,1.112,1.163,1.083,1.094,1.105,1.228,1.189
1994-10-24,1.135,1.098,1.148,1.069,1.072,1.093,1.227,1.213
1994-10-17,1.138,1.098,1.146,1.069,1.073,1.096,1.229,1.16
1994-10-10,1.137,1.1,1.147,1.072,1.087,1.103,1.231,1.178
1994-10-03,1.136,1.105,1.153,1.078,1.092,1.109,1.231,1.205
1994-09-26,1.146,1.111,1.155,1.085,1.11,1.114,1.222,1.23
1994-09-19,1.152,1.116,1.157,1.091,1.128,1.123,1.225,1.249
1994-09-12,1.16,1.121,1.163,1.096,1.145,1.129,1.226,1.266
1994-09-05,1.164,1.122,1.163,1.098,1.158,1.131,1.227,1.282
1994-08-29,1.167,1.126,1.168,1.1,1.164,1.134,1.227,1.293
1994-08-22,1.166,1.127,1.167,1.103,1.179,1.134,1.227,1.23
1994-08-15,1.162,1.124,1.165,1.1,1.172,1.132,1.225,1.234
1994-08-08,1.148,1.113,1.154,1.089,1.175,1.126,1.223,1.235
1994-08-01,1.122,1.089,1.134,1.063,1.14,1.096,1.215,1.215
1994-07-25,1.112,1.079,1.123,1.054,1.119,1.081,1.205,1.163
1994-07-18,1.108,1.074,1.118,1.049,1.109,1.079,1.199,1.179
1994-07-11,1.105,1.07,1.109,1.046,1.099,1.072,1.195,1.194
1994-07-04,1.105,1.068,1.106,1.044,1.095,1.072,1.184,1.142
1994-06-27,1.096,1.062,1.1,1.04,1.097,1.067,1.179,1.156
1994-06-20,1.087,1.05,1.089,1.028,1.075,1.051,1.17,1.128
1994-06-13,1.078,1.044,1.084,1.021,1.067,1.049,1.166,1.126
1994-06-06,1.071,1.036,1.077,1.012,1.059,1.037,1.163,1.135
1994-05-30,1.066,1.028,1.069,1.003,1.053,1.028,1.152,1.076
1994-05-23,1.061,1.023,1.058,1.001,1.045,1.023,1.15,1.069
1994-05-16,1.057,1.021,1.055,1.0,1.034,1.025,1.146,1.091
1994-05-09,1.046,1.018,1.051,0.999,1.036,1.024,1.142,1.104
1994-05-02,1.043,1.017,1.049,0.998,1.029,1.024,1.14,1.039
1994-04-25,1.039,1.013,1.04,0.996,1.029,1.021,1.133,1.039
1994-04-18,1.036,1.008,1.035,0.992,1.025,1.015,1.128,1.059
1994-04-11,1.033,1.004,1.028,0.988,1.019,1.01,1.117,1.081
1994-04-04,1.032,0.996,1.027,0.976,0.989,0.999,1.115,1.027
1994-03-28,1.033,0.996,1.029,0.975,0.992,0.995,1.114,1.036
1994-03-21,1.034,0.992,1.031,0.969,0.984,0.981,1.115,1.064
1994-03-14,1.038,0.993,1.034,0.968,0.981,0.976,1.109,1.089
1994-03-07,1.041,0.994,1.036,0.968,0.988,0.978,1.108,1.042
1994-02-28,1.036,0.996,1.038,0.97,0.975,0.981,1.112,1.062
1994-02-21,1.035,0.997,1.04,0.972,0.984,0.985,1.11,1.073
1994-02-14,1.033,0.996,1.038,0.972,1.001,0.992,1.106,1.097
1994-02-07,1.028,0.989,1.035,0.962,0.989,0.986,1.105,1.056
1994-01-31,1.028,0.984,1.031,0.955,0.989,0.983,1.104,1.063
1994-01-24,1.032,0.985,1.03,0.957,0.972,0.981,1.104,1.075
1994-01-17,1.036,0.987,1.033,0.958,0.974,0.982,1.105,1.092
1994-01-10,1.036,0.989,1.041,0.958,0.956,0.984,1.111,1.065
1994-01-03,1.037,0.992,1.044,0.962,0.939,0.989,1.117,1.085
1993-12-27,1.04,0.997,1.051,0.966,0.949,0.993,1.12,1.098
1993-12-20,1.047,1.004,1.056,0.974,0.948,1.001,1.122,1.115
1993-12-13,1.055,1.015,1.064,0.986,0.969,1.014,1.134,1.135
1993-12-06,1.064,1.028,1.071,1.003,0.994,1.03,1.147,1.154
1993-11-29,1.074,1.038,1.081,1.013,1.017,1.04,1.158,1.158
1993-11-22,1.076,1.043,1.085,1.019,1.026,1.044,1.167,1.171
1993-11-15,1.081,1.048,1.09,1.025,1.034,1.052,1.176,1.158
1993-11-08,1.081,1.053,1.097,1.029,1.051,1.062,1.186,1.169
1993-11-01,1.087,1.057,1.099,1.034,1.062,1.069,1.198,1.186
1993-10-25,1.091,1.061,1.1,1.039,1.074,1.073,1.202,1.202
1993-10-18,1.093,1.063,1.1,1.041,1.078,1.078,1.209,1.149
1993-10-11,1.092,1.064,1.102,1.042,1.065,1.081,1.215,1.144
1993-10-04,1.101,1.068,1.104,1.047,1.063,1.086,1.22,1.155
1993-09-27,1.06,1.024,1.057,1.003,1.016,1.042,1.171,1.132
1993-09-20,1.063,1.028,1.059,1.009,1.009,1.05,1.165,1.093
1993-09-13,1.068,1.034,1.063,1.016,1.02,1.054,1.154,1.108
1993-09-06,1.065,1.037,1.065,1.02,1.029,1.06,1.154,1.108
1993-08-30,1.069,1.041,1.068,1.024,1.04,1.062,1.155,1.121
1993-08-23,1.072,1.045,1.074,1.028,1.043,1.067,1.155,1.129
1993-08-16,1.077,1.047,1.075,1.03,1.025,1.064,1.154,1.134
1993-08-09,1.081,1.051,1.076,1.035,1.026,1.067,1.159,1.092
1993-08-02,1.086,1.054,1.077,1.038,1.028,1.07,1.158,1.103
1993-07-26,1.089,1.059,1.083,1.043,1.036,1.075,1.168,1.114
1993-07-19,1.091,1.062,1.086,1.046,1.045,1.08,1.172,1.124
1993-07-12,1.095,1.066,1.09,1.05,1.054,1.083,1.177,1.134
1993-07-05,1.096,1.068,1.091,1.054,1.063,1.089,1.181,1.111
1993-06-28,1.1,1.072,1.095,1.057,1.068,1.087,1.182,1.12
1993-06-21,1.101,1.075,1.095,1.062,1.077,1.09,1.186,1.132
1993-06-14,1.103,1.076,1.097,1.062,1.092,1.094,1.188,1.137
1993-06-07,1.102,1.078,1.098,1.064,1.095,1.095,1.188,1.149
1993-05-31,1.097,1.078,1.099,1.065,1.102,1.096,1.186,1.164
1993-05-24,1.096,1.075,1.094,1.064,1.103,1.096,1.178,1.17
1993-05-17,1.096,1.073,1.095,1.06,1.107,1.097,1.177,1.136
1993-05-10,1.091,1.069,1.09,1.057,1.091,1.088,1.171,1.143
1993-05-03,1.08,1.062,1.084,1.05,1.073,1.084,1.161,1.161
1993-04-26,1.076,1.059,1.08,1.046,1.078,1.081,1.157,1.169
1993-04-19,1.074,1.054,1.077,1.04,1.067,1.081,1.155,1.12
1993-04-12,1.073,1.047,1.072,1.032,1.077,1.071,1.154,1.118
1993-04-05,1.068,1.04,1.068,1.023,1.061,1.064,1.152,1.093
